,Date,FN,LN,School,OQ,LOD,WTA,Course,for credit,textbook used,grade received,attendence,comment,num found this useful,num did not find this useful,gives good feedback,respected,lots of homework,accessible outside class,get ready to read,participation matters,skip class? you won't pass.,inspirational,graded by few things,test heavy,group projects,clear grading criteria,hilarious,beware of pop quizzes,amazing lectures,lecture heavy,caring,extra credit,so many papers,tough grader
0, 02/19/2019,Aaron,Stevens,Boston University,1.0,5.0,No,CS108,No,No,N/A,N/A,Office hours are a must. Lectures as useless Professor Stevens doesn't teach. If I could change one thing about Professor Stevens teaching style I would say patience. Covers the material way to quickly especially considering all the students are not Computer Science majors. Workload is insane.,1,0,0,0,1,0,0,0,0,0,0,0,0,0,0,0,0,0,0,0,0,1
1, 02/16/2019,Aaron,Stevens,Boston University,1.0,5.0,No,CS108,Yes,No,N/A,Mandatory,By far the worst class at BU. 'Flipped Classroom Model' insures that the professor doesn't do any work. Doesn't even show up to his own office hours. Came in twice to his posted office hours and wasn't even there.,2,0,0,0,1,0,0,0,0,0,0,0,0,0,0,0,0,0,0,0,0,1
2, 10/25/2018,Aaron,Stevens,Boston University,1.0,5.0,No,CS108,Yes,Yes,Not sure yet,Mandatory,"CS108 with Stevens is the worst class I have even taken in my 4 years at BU. As a Senior who is concentrating in MIS, I am required to take this class. As excited as I was to learn to code, I have been extremely disappointed by the difficultly of the course design. The lack of compassion and understanding from Stevens is disgusting and frustrating",15,1,0,0,1,0,0,0,0,0,0,0,0,0,0,0,0,0,0,0,0,1
3, 10/25/2018,Aaron,Stevens,Boston University,1.0,5.0,No,CS108,Yes,Yes,Not sure yet,Mandatory,"He makes you watch his videos he's made as examples before coming to class. Then you go to class where he just repeats what was already covered in the video with 'clicker' questions from an out-of-pocket paid-subscription $27 app (Top-Hat) to get ""participation"". He won't shut up about running but if you ask for help with CS, he doesn't help you.",11,1,0,0,1,0,0,0,0,0,0,0,0,0,0,0,0,0,0,0,0,1
4, 09/26/2018,Aaron,Stevens,Boston University,1.0,5.0,No,CS108,Yes,No,N/A,Mandatory,very bad professor who does not care about his students and does not teach at all,12,0,0,0,0,0,0,0,0,0,0,0,0,0,0,0,0,0,0,0,0,0
5, 05/10/2018,Aaron,Stevens,Boston University,1.0,4.0,No,CS108CS10,Yes,No,N/A,Mandatory,He DOES NOT care about students grade at all. Lack of feedback. Super tough grader. Heavy workload. Grades will not reflect ur efforts.,14,0,0,0,0,0,0,0,0,0,0,1,0,0,0,0,0,0,0,0,0,1
6, 03/27/2018,Aaron,Stevens,Boston University,5.0,4.0,Yes,CS108,Yes,No,A-,Mandatory,Aaron is probably one of the best teachers at BU. He takes time to help you with assignments & really cares about his students. He saw that I discovered my passion in his class and even got me interview as a software engineer and helped into grad school. Just be ready to work hard & don't fear going to his office hours he likes it,0,16,0,1,0,1,0,0,0,0,0,0,0,0,0,0,0,0,0,0,0,1
7, 02/21/2018,Aaron,Stevens,Boston University,5.0,2.0,Yes,CS108,Yes,No,Not sure yet,Not Mandatory,"He's really, really genuine and does want the best for his students. He's patient and really treats CS like a puzzle, which is a lot of fun. The only con is the workload within such a limited time frame, which he has apologized for and blamed on the school's scheduling. It's one of the few classes where I am actually really learning.",0,14,1,0,0,0,0,0,0,0,0,0,0,1,0,0,0,0,1,0,0,0
8, 10/03/2017,Aaron,Stevens,Boston University,3.0,2.0,No,CS111,Yes,No,B,Not Mandatory,"You don't have to go to lecture, just watch videos and you should be all set. Tests are not reflective of Hws. I got 90s for all hws (with help of tutors), but get 80 for all exams! There were too many questions asking you to go through codes (which was what I am very bad at). Exams should associate more with homeworks!",2,0,0,0,0,0,0,0,0,0,0,0,0,0,0,0,0,1,0,0,0,1
9, 05/11/2017,Aaron,Stevens,Boston University,3.0,2.0,Yes,CS111,Yes,No,A,Mandatory,"There are lots of work with problem sets, labs, readings/quizzes before each class, 2 midterms, a final exam, and a final project. That being said, the grading criteria is extremely explicit, and thus it was my easiest A of the semester. You learn a ton, and it's honestly a super fun class, but Stevens himself is pretty dry and tells bad jokes.",1,4,0,0,1,0,0,1,0,0,0,0,0,1,0,0,0,0,0,0,0,0
10, 05/10/2017,Aaron,Stevens,Boston University,5.0,3.0,Yes,CS111,Yes,No,N/A,Mandatory,The best,1,9,0,0,1,0,0,1,0,0,0,0,0,0,1,0,0,0,0,0,0,0
11, 05/04/2017,Aaron,Stevens,Boston University,4.0,4.0,Yes,MA120,Yes,Yes,A,Not Mandatory,"He is one of the most efficient, data-driven, and organized professors  at BU. His MA120 class  is great for people who aren't that good at math but need a math credit. His flipped-classroom model forces students to be prepared, and you will not do well if you don't put in effort. If you put in some work, the class is straightforward and simple.",0,2,0,0,0,0,1,0,0,0,0,0,0,1,0,0,0,0,0,0,0,0
12, 02/28/2017,Aaron,Stevens,Boston University,5.0,2.0,Yes,CS111,Yes,No,Not sure yet,Mandatory,"Nice dude, teaches well. Don't see his overall average rating on this site. Most of the Business/Non CS people who took Cs111 or Cs108 with him are rating him average. To be honest, he is the best professor I had at BU.",5,9,1,0,0,0,0,1,0,0,0,0,0,0,0,0,1,0,0,0,0,0
13, 12/12/2016,Aaron,Stevens,Boston University,4.0,3.0,Yes,CS108,Yes,No,N/A,Mandatory,"He makes you watch a 5-10 minute lecture online before class and do a quick example. In class, you work on the assignment and have him and a couple TAs help you. I honestly liked this method and got really interested in CS. However, the TAs grade your work, and some of them are really helpful while others could care less for you and your grade.",2,6,1,0,1,0,0,0,0,0,0,0,0,0,0,0,0,0,0,0,0,0
14, 11/10/2016,Aaron,Stevens,Boston University,5.0,3.0,Yes,CS111,Yes,Yes,N/A,Mandatory,"I honestly don't get why he doesn't have a good score on this website because he doesn't have any particular cons. You have to watch videos for pre-lecture assignment, but it usually takes like 30 minutes or so. He goes step by side, so, in terms of the Introduction to Computer Science, he is well-suited professor for this class.",1,8,0,0,1,1,0,1,0,0,0,0,0,0,0,0,0,0,0,0,0,0
15, 06/09/2016,Aaron,Stevens,Boston University,2.0,5.0,No,CS111,Yes,Yes,N/A,Mandatory,"He talks about abs nothing in class because he expects students to understand everything by watching the videos he makes for the course. Generally, he just does clicker questions in class and he can make a long lecture short bc he talks about nothing. He's funny tho.",6,2,0,0,1,0,0,1,1,0,0,0,0,0,0,0,0,0,0,0,0,0
16, 04/17/2016,Aaron,Stevens,Boston University,4.0,2.0,N/A,MA120,Yes,Yes,A,Mandatory,"Coming from a student that's not mathematically inclined I was really worried about this class, but it's probably the most clearcut class at BU. Read the book, take the pre-class quizzes and study for a couple hours before the quizzes and there's no reason why you shouldn't an A. Stevens also gives you an extra overal grade point if you go to class",0,5,0,0,1,0,1,0,0,0,0,0,0,0,0,0,0,0,0,1,0,0
17, 03/18/2016,Aaron,Stevens,Boston University,1.5,5.0,N/A,CS108,Yes,No,N/A,Mandatory,"He doesn't do anything in class, all his lectures are in the videos. I'm fine with video, but he doesn't explain well in the videos.  The quiz and lab exam is way off the chart. Even tho you get the correct answers he will deduct from procedures. THAT'S RIDICULOUS!!! He explains really fast just like you know everything before class. BAD BAD BAD",9,3,0,0,1,0,0,0,0,0,0,0,0,0,0,0,0,0,0,0,0,1
18, 01/28/2016,Aaron,Stevens,Boston University,2.0,5.0,N/A,CS108,Yes,No,B,Mandatory,You are expected to spend 10 hours every week to work on 2 homeworks and 2 preassignments. This guy is so lazy and he doesn't care about his students at all. His quizzes are impossible.  The most time consuming class I took here and it's very easy to get a C,13,0,0,0,1,0,0,0,0,0,0,0,0,0,0,0,0,0,0,0,0,1
19, 01/26/2016,Aaron,Stevens,Boston University,4.0,3.0,N/A,CS111,Yes,No,B,Mandatory,"In Fall 2015 they completely changed the course in response to student feedback, and the new course outline is good for people with no previous CS experience. That said, I think this new outline fits to his teaching style better, and he does try to make lectures more survivable. He is also good at explaining and the course is armed with TFs and TAs",2,5,0,0,1,0,0,0,0,0,0,0,0,0,0,1,0,0,0,0,0,0
20,01/18/2016,Aaron,Stevens,Boston University,2.0,5.0,N/A,CS108,Yes,No,B+,Not Mandatory,"Too bad this is the only option for CS 108. Mr. Stevens does not seem to understand that non-cs major are just taking this class as an elective. His assignments are a lot more difficult than the hw and extremely time consuming. It's a 70 people class with only 2 TAs, so you will always have to wait to get help",11,2,0,0,0,0,0,0,1,0,0,0,0,0,0,0,0,0,0,0,0,1
21,12/06/2015,Aaron,Stevens,Boston University,5.0,3.0,Yes,MA120,Yes,Yes,A,Mandatory,I really enjoyed taking class with him.,0,5,0,0,0,0,0,0,1,0,0,0,0,0,0,0,0,0,0,0,0,1
22,12/06/2015,Aaron,Stevens,Boston University,1.5,5.0,N/A,CS108,N/A,Yes,Not sure yet,Mandatory,"This professor is LAZY. All of his lecture videos are in Python 2, then he expects you to ""learn the difference"" & write in Python 3 (which is like teaching Spanish but asking you to write the papers in French) He messes up his own starter code. Even worse, he is condescending when you ask for help. Do not take this class.",11,2,0,0,1,0,0,0,1,0,0,0,0,0,0,0,0,0,0,0,0,1
23,10/15/2015,Aaron,Stevens,Boston University,5.0,1.0,Yes,CS111,Yes,Yes,Not sure yet,Mandatory,"I love this guy. So nice, and is always willing to slow down and answer questions. The actual coursework is the same as with the CS111 sections taught by Prof. Sullivan, FYI. Overall I found the course pretty easy. I can't speak for Aaron's (yes, first name basis) handling of CS101/CS108/MAxxx that he also may teach, however.",2,6,0,0,1,0,0,0,0,0,0,0,0,0,1,0,0,0,0,0,0,0
24,05/17/2015,Aaron,Stevens,Boston University,1.5,3.0,N/A,MA120,Yes,Yes,N/A,N/A,"Be prepared to teach yourself everything. He does not lecture at all in class. His flipped classroom model is really bad. The quizzes do not test anything to do with math, but rather how well you memorize his book. Although the class title is Applied Math, there was absolutely no math involved in the class. It just involved memorizing definitions.",6,1,0,0,0,0,0,0,0,0,0,0,0,0,0,0,0,0,0,0,0,0
25,05/09/2015,Aaron,Stevens,Boston University,1.0,5.0,N/A,CS108,Yes,No,B+,Mandatory,"I love computer science, but this professor turned my passion from coding away so quickly. His assignments were unclear most of the time and I worked very hard to try to understand them. I did not get the help I received at all from this class. He was even rude to me in office hours, as if asking questions is bad.",23,2,0,0,0,0,0,0,0,0,0,0,0,0,0,0,0,0,0,0,0,1
26,05/05/2015,Aaron,Stevens,Boston University,2.0,4.0,N/A,CS108,Yes,No,N/A,N/A,"Professor Stevens might be a good guy, but he is just genuinely lazy. The flipped classroom schedule ensures that he hardly ever does anything. His quizzes are difficult and if you don't say exactly what the graders want to hear you lose points. Just an unclear and unhelpful class which is a shame because it is very interesting material.",13,1,0,0,1,0,0,0,0,0,0,0,0,0,0,0,0,0,0,0,0,1
27,01/26/2015,Aaron,Stevens,Boston University,1.0,5.0,N/A,MA120,Yes,No,N/A,N/A,"Easily the worst teacher Ive ever come across in my life, he doesn't even teach. If you want to learn about a subject don't take it with him, he's really good at looking at his phone and talking about himself. WORST PROFESSOR IN HISTORY",14,3,0,0,0,0,0,0,0,0,0,0,0,0,0,0,0,0,0,0,0,0
28,01/12/2015,Aaron,Stevens,Boston University,3.5,4.0,N/A,101,Yes,No,B-,Mandatory,"For the quizzes you have to know exactly what the grader wants to hear word by word. So if you miss lectures you are screwed and will not pass . Sevens is really helpful . The LAB hours by the TF's will save your life and the class is very time consuming.... The graders are super tough so be prepared for that , The final exam will save your life",0,1,0,0,0,0,0,0,1,0,0,0,0,0,0,0,0,0,0,0,0,1
29,11/17/2014,Aaron,Stevens,Boston University,3.0,5.0,N/A,CS108,Yes,No,INC,Mandatory,"CS108 is the hardest thing I've ever taken. Aaron talks a lot in class, but never gets to the point. Workload is insane. 6 written quizzes during semester, that are really hard. Take the class only if you know computer science well, otherwise this is gonna be a nightmare. I spent 5 hours in TA's office every week. I wish I dropped the class earlier",6,0,0,0,0,0,0,0,1,0,0,0,0,0,0,0,0,0,0,0,0,0
30,10/22/2014,Aaron,Stevens,Boston University,1.0,5.0,N/A,CS111,Yes,Yes,N/A,Mandatory,"I'm sure Prof. Stevens is a nice guy outside the classroom, but as a professor I found him to be harsh and judgemental.  I was going through some family problems at the time, and I tried to communicate this to him as I had to do some unforeseen travel, but he wouldn't hear it. Every other professor for my classes was fine except him. Downer IMHO.",8,1,0,0,0,0,0,0,0,0,0,0,0,0,0,0,0,0,0,0,0,1
31,10/14/2014,Aaron,Stevens,Boston University,5.0,2.0,Yes,CS101,Yes,No,N/A,N/A,"No reading. No papers. No essays. Homework are long but easy, basic logic in this class will get you an A. For the exams and quizzes just memorize definitions and understand the logic behind each lesson. Recommended if you're avoiding workload and reading. Easy A.",0,5,0,0,0,0,0,0,0,0,0,0,0,1,0,0,0,0,0,0,0,1
32,06/30/2014,Aaron,Stevens,Boston University,5.0,4.0,N/A,CS111,N/A,No,N/A,N/A,"The work load is crazy but how do you expect to learn coding if you don't code? He has an optional final. TAKE THE FINAL, he recycles past quiz questions so you will do fine. Go to his office hours if you have a problem with your assignment! If he sees that you have tried he will help you out. I learned a lot from this class :)",0,4,0,0,0,0,0,0,0,0,0,0,0,0,0,0,0,0,0,0,0,0
33,05/03/2014,Aaron,Stevens,Boston University,3.0,5.0,N/A,CS101,N/A,No,N/A,Mandatory,"Stevens seems like a nice enough guy and does try to help you understand concepts, but the workload is ridiculous and the grading is harsh. Definitely not an easy class. I spent most of my free time in office hours, as concepts that were explained in class were not necessarily applicable to the homework assignments.",1,0,0,0,0,0,0,0,0,0,0,0,0,0,0,0,0,0,0,0,0,0
34,04/26/2014,Aaron,Stevens,Boston University,2.0,4.0,N/A,CS101,N/A,No,N/A,N/A,Taking this class (especially as a Senior) to fulfill a math/cs requirement WILL BE THE WORST DECISION OF YOUR COLLEGE LIFE. The homework will take you longer than your graduate level seminars in your major. It will teach you how to use the most terrible and outdated program called Alice that will have no application in the real world. Don't do it!,3,0,0,0,0,0,0,0,0,0,0,0,0,0,0,0,0,0,0,0,0,0
35,02/24/2014,Aaron,Stevens,Boston University,4.0,4.0,N/A,CS108,N/A,Yes,N/A,N/A,"It's pretty tough for an introductory class but I loved it! You gotta put in the work for an A. Workload is insane and I spent a lot of time at the TA's office hours. BUT, I learnt so much and I found the class to be really interesting. When you get that code to work, it's the most rewarding feeling ever. Go to his office hours! Helps so much!",2,1,0,0,0,0,0,0,0,0,0,0,0,0,0,0,0,0,0,0,0,0
36,02/24/2014,Aaron,Stevens,Boston University,1.0,4.0,N/A,CS101,N/A,No,N/A,Mandatory,"Worst class I've taken at BU. Prof Stevens does nothing but make smart ass remarks and talk about his kids, yet he takes roll in massive lecture hall. Alice is the worst java program ever and the skills learned in this class are 100% outdated and inapplicable. Find another course to fill you MCS requirement--or at least another professor.",4,0,0,0,0,0,0,0,0,0,0,0,0,0,0,0,0,0,0,0,0,0
37,01/23/2014,Aaron,Stevens,Boston University,1.5,5.0,N/A,CS101,N/A,No,N/A,N/A,The grading is ridiculous. He literally is the least helpful professor at BU and he takes all his personal problems out on the class. He seems like a nice guy at first but by the ens of the semester you will be wondering why you didn't switch out. Honestlt I had to teach nyself everything in that course. He and the textbook are useless.,3,0,0,0,0,0,0,0,0,0,0,0,0,0,0,0,0,0,0,0,0,0
38,12/16/2013,Aaron,Stevens,Boston University,1.5,3.0,N/A,EC171,N/A,No,N/A,N/A,"Stevens was a great at doing absolutely nothing for his class and having zero responsibilities! He uses a ""flipped classroom"" model, so you teach yourself everything at home, and then come in to class and do all the work on your own. So yeah, he does nothing! Except awkwardly stand in front of class and wonder why nobody respects him.",3,0,0,0,0,0,0,0,0,0,0,0,0,0,0,0,0,0,0,0,0,0
39,12/14/2013,Aaron,Stevens,Boston University,2.5,4.0,N/A,CS101,N/A,No,N/A,N/A,"This class is so unreasonable. The professor and assistants are quite unhelpful. Also, the Alice assignments are impossible as the skills necessary for completion are not fully taught. To top it off, the graders are very harsh.",1,0,0,0,0,0,0,0,0,0,0,0,0,0,0,0,0,0,0,0,0,0
40,12/13/2013,Aaron,Stevens,Boston University,4.5,4.0,N/A,CS101,N/A,No,N/A,N/A,"Stevens is surprisingly interesting and really cares about what he teaches. You will work hard, but there is a lot of help available. Bottom line, I'm taking CS 108 with him next semester and I'm totally not a math/science person. Take it!",1,0,0,0,0,0,0,0,0,0,0,0,0,0,0,0,0,0,0,0,0,0
41,11/03/2013,Aaron,Stevens,Boston University,1.5,4.0,N/A,CS101,N/A,No,N/A,N/A,"Stevens is unhelpful and condescending. His homeworks are purposefully overly time-consuming, and his quizzes have little to nothing to do with them or the labs.",3,0,0,0,0,0,0,0,0,0,0,0,0,0,0,0,0,0,0,0,0,0
42,11/02/2013,Aaron,Stevens,Boston University,2.0,3.0,N/A,EC171,N/A,Yes,N/A,N/A,"Is a crook. Textbook is a draft. Gets in trouble for grades being too high, has a quota to follow. Got at least an 89.5 didn't round up. Final project option is to edit his book. Can easily get a B, but an A is hard because of his grade deflation. Gave me a 95% on final paper worth %20, with no negative comments to prevent me from getting an A-.",1,0,0,0,0,0,0,0,0,0,0,0,0,0,0,0,0,0,0,0,0,0
43,09/30/2013,Aaron,Stevens,Boston University,5.0,3.0,N/A,CS101,N/A,No,N/A,N/A,"Professor Stevens is great! He genuinely cares about his students. He's so nice and helpful, especialy if you show effort and go to office hours! His homeworks are a drag, but go to office hours! Study for quizzes with classmates and his questions are based on the objectives on the powerpoint. I hear 101 isnt real compsci though.",0,0,0,0,0,0,0,0,0,0,0,0,0,0,0,0,0,0,0,0,0,0
44,05/29/2013,Aaron,Stevens,Boston University,2.0,3.0,N/A,CS101,N/A,No,N/A,N/A,"One of the worst professors I had at BU. I had an A, broke my ankle on the way to class, and he would not let me make it up. He gave me a 0 flat our and dropped by grade to a B+. Completely condescending and unwilling to discuss the circumstances of my grade. Otherwise, class is bland, workload is average - relatively easy and boring.",0,0,0,0,0,0,0,0,0,0,0,0,0,0,0,0,0,0,0,0,0,0
45,05/08/2013,Aaron,Stevens,Boston University,5.0,2.0,N/A,CS101,N/A,No,N/A,N/A,"Very easy class and definitely GPA booster. Stevens is very clear on concepts and makes passing the class easy with quizzes every other week covering material from 2 weeks. If you do well on all the quizzes + homeworks, you don't have to do the final. Quizzes + homeworks are easy. Easy grader. Very helpful outside class.",0,0,0,0,0,0,0,0,0,0,0,0,0,0,0,0,0,0,0,0,0,0
46,05/02/2013,Aaron,Stevens,Boston University,2.0,4.0,N/A,CS101,N/A,No,N/A,N/A,"Prof. Stevens is nice, but will make you hate computers. His assignments are unneccessarily difficult and takes hours to finish every week... even if you work your ass off. This class was so draining and it's super difficult to get any help from him unless you can make an appointment a week or two ahead of time",0,0,0,0,0,0,0,0,0,0,0,0,0,0,0,0,0,0,0,0,0,0
47,04/02/2013,Aaron,Stevens,Boston University,1.5,5.0,N/A,EC171,N/A,Yes,N/A,N/A,"By ""flipping the classroom"" he basically does zero work. It's a genius idea for himself because he can just stand there and answer questions and then require his students to go home, do homework at home, then come to come to do in-class assignments, and then assign a quiz every 2 weeks. Hardest 100 level class. Do not take. Terrible.",0,0,0,0,0,0,0,0,0,0,0,0,0,0,0,0,0,0,0,0,0,0
48,01/06/2013,Aaron,Stevens,Boston University,5.0,2.0,N/A,EC171,N/A,Yes,N/A,N/A,"Anyone who's criticized Stevens is crazy.  EC 171 is the best class that I've ever taken in my entire educational life.  If you're interested in knowing enough to feel confident with your own finances, then take this course!  I recommend it to everyone.  Homework was easy and fun, and the quizzes were fair.  With some effort you'll get an A!",0,0,0,0,0,0,0,0,0,0,0,0,0,0,0,0,0,0,0,0,0,0
49,12/18/2012,Aaron,Stevens,Boston University,3.5,1.0,N/A,CS101,N/A,No,N/A,N/A,"Stevens is GREAT. really nuturing like a dad, and the class is an easy A.  Quizzes require you to study, but homeworks and lab are a breeze.  If you need some GPA padding, take this class",0,0,0,0,0,0,0,0,0,0,0,0,0,0,0,0,0,0,0,0,0,0
50,12/16/2012,Aaron,Stevens,Boston University,5.0,2.0,N/A,CS101,N/A,Yes,N/A,N/A,"Stevens is a really great professor. He has ample amounts of patience, is excellent at explaining concepts, and is a genuinely nice person. Assignments were sometimes complex, but nothing too difficult or time consuming, and Stevens always makes himself available for assistance. All in all, I would highly recommend taking one of his courses.",0,0,0,0,0,0,0,0,0,0,0,0,0,0,0,0,0,0,0,0,0,0
51,12/04/2012,Aaron,Stevens,Boston University,4.5,1.0,N/A,CS101,N/A,No,N/A,N/A,"Great guy who greats very easily.  Gets back to emails incredibly fast with useful information.  Homeworks can usually be completed in less than an hour and are due weekly.  If you do the homework and show up for class, there's no reason not to get an A",0,0,0,0,0,0,0,0,0,0,0,0,0,0,0,0,0,0,0,0,0,0
52,08/15/2012,Aaron,Stevens,Boston University,4.5,2.0,N/A,CS111,N/A,No,N/A,N/A,"This professor is funny, albeit corny, entertaining, and really wants you to get interested in the course. I took the summer course, so the class was crunched into a month, but it was a great experience. Lots of HW, but totally doable if you're in a normal semester. I did around 1-2 hours per day, which wasn't bad at all for a summer course.",0,0,0,0,0,0,0,0,0,0,0,0,0,0,0,0,0,0,0,0,0,0
53,07/23/2012,Aaron,Stevens,Boston University,2.0,5.0,N/A,EC171,N/A,No,N/A,N/A,"Quite honestly one of the worst classes at BU. I took it because I thought I would learn something but really ended up spending hours and hours doing homework that wash graded extremely harshly. Its a 100 level class, but don't be fooled, it'll take up as much time as a 400 level one. Prof. Stevens is very condescending. STAY AWAY FROM EC 171",1,0,0,0,0,0,0,0,0,0,0,0,0,0,0,0,0,0,0,0,0,0
54,05/07/2012,Aaron,Stevens,Boston University,4.0,3.0,N/A,CS101,N/A,No,N/A,N/A,"You really have to put in the work. The material isn't difficult and he does a good job of explaining it but you have to do the homework, go to labs, and study for the quizzes all of which can be pretty time consuming. The graders were a little harsh if you left out information. The homework could be confusing but the TF was very helpful.",0,0,0,0,0,0,0,0,0,0,0,0,0,0,0,0,0,0,0,0,0,0
55,05/03/2012,Aaron,Stevens,Boston University,3.0,5.0,N/A,EC171,N/A,No,N/A,N/A,I took this class to learn useful financial information but I did not learn ANYTHING. It's all hypothetical unrealistic situations that do not apply to the real world. If you want an easy A don't take this course. He's condescending and thinks student's do not know anything about life outside of college. Definitely disappointed by this course.,0,0,0,0,0,0,0,0,0,0,0,0,0,0,0,0,0,0,0,0,0,0
56,12/22/2011,Aaron,Stevens,Boston University,3.5,4.0,N/A,CS101,N/A,No,N/A,N/A,"Lectures can be a little dry, I didn't take any notes and just sat there listening most of the time since all his power points are online. Stevens is a pretty nice guy and answers emails right away. You always know where you stand academically since he posts every grade. HWs are time consuming but can be fun and creative if you want them to be.",0,0,0,0,0,0,0,0,0,0,0,0,0,0,0,0,0,0,0,0,0,0
57,12/20/2011,Aaron,Stevens,Boston University,1.5,5.0,N/A,CS101,N/A,No,N/A,N/A,This guy was unbelievable. Tells you the class is really easy at the beginning of the year and that it isn't too time consuming and then continues to assign work that is impossible unless you have a background in programming or whatever program he is using. There is no guideline to go back to. Homework is worth 35% of your grade and is impossible.,0,0,0,0,0,0,0,0,0,0,0,0,0,0,0,0,0,0,0,0,0,0
58,10/04/2011,Aaron,Stevens,Boston University,5.0,1.0,N/A,ECON171,N/A,No,N/A,N/A,Fantastic teacher and a really really good course. I would definitely take it if i had a free elective. He makes things easy to understand and he's quite funny as well. Definitely my favorite class.,0,0,0,0,0,0,0,0,0,0,0,0,0,0,0,0,0,0,0,0,0,0
59,08/16/2011,Aaron,Stevens,Boston University,5.0,2.0,N/A,CS111,N/A,Yes,N/A,N/A,wonderful class and go for it!,0,0,0,0,0,0,0,0,0,0,0,0,0,0,0,0,0,0,0,0,0,0
60,08/16/2011,Aaron,Stevens,Boston University,5.0,3.0,N/A,CS111,N/A,Yes,N/A,N/A,This is a perfect class for those who love programming. Aaron is very nice and the lectures are clear and helpful for quizzes and hws. Workload is a little heavy but worth it. You'll absolutely get a good grade if you really put in effort. Better to sit in front!,0,0,0,0,0,0,0,0,0,0,0,0,0,0,0,0,0,0,0,0,0,0
61,06/29/2011,Aaron,Stevens,Boston University,4.5,2.0,N/A,CS111,N/A,No,N/A,N/A,"Because I took the summer course, it was a little intense with a lot of work to do at home, but Aaron is a great teacher. Very much enjoys what he does. If you do what's required and you have good logic skills, there is no reason why you shouldn't get a good grade. He's very good with giving you extra points if you talk to him about quizzes and hws",0,0,0,0,0,0,0,0,0,0,0,0,0,0,0,0,0,0,0,0,0,0
62,05/25/2011,Aaron,Stevens,Boston University,5.0,3.0,N/A,CS108,N/A,Yes,N/A,N/A,"Took Aaron's CS108 class. Fantastic teacher. One of the best I've had at BU. Very helpful outside of class, knows the material cold, has a gift with conveying technical information in a digestible format. The class isn't easy, but if you put the work in, you'll not only receive a great grade, but find it to be one of the most rewarding experiences.",0,1,0,0,0,0,0,0,0,0,0,0,0,0,0,0,0,0,0,0,0,0
63,03/22/2011,Aaron,Stevens,Boston University,5.0,2.0,N/A,CS101,N/A,No,N/A,N/A,"Great professor. 1-2 hours a week of HW. This class is only &quot;hard&quot; if you don't know how to open files on a computer, but if you hate computers, don't take it. Don't buy the books, he'll tell you everything for quizzes. There are 6 small quizzes instead of a midterm. Check out the course website to see the syllabus and schedule (google BU CS101).",0,0,0,0,0,0,0,0,0,0,0,0,0,0,0,0,0,0,0,0,0,0
64,01/15/2011,Aaron,Stevens,Boston University,4.0,3.0,N/A,CS101,N/A,No,N/A,N/A,"This class is extremely useful. It requires hardly any math skills, and although homework assignments seem hard, if you go for extra help you're almost guaranteed to do well. Stevens grades extremely fairly. As long as you keep up with your work, the class will be engaging and easy for anyone.",0,0,0,0,0,0,0,0,0,0,0,0,0,0,0,0,0,0,0,0,0,0
65,12/23/2010,Aaron,Stevens,Boston University,4.5,4.0,N/A,CS101,N/A,No,N/A,N/A,"Many think this will be an easy intro class. No, its tough but its worth taking. Stevens is a fair and clear professor and his powerpoints drive home his major points. The quizzes are based on these. I had no prior comp. knowledge and did great.  The TF's will help with HW and by end you have a personal website and ability to use many programs!",0,0,0,0,0,0,0,0,0,0,0,0,0,0,0,0,0,0,0,0,0,0
66,12/18/2010,Aaron,Stevens,Boston University,4.0,3.0,N/A,CS101,N/A,No,N/A,N/A,"The class is a great introduction to computer science. Aspects are challenging but Stevens is always ready to help when it's needed. Homeworks can take a long time but they're not very difficult if you go to class and are familiar with the material. Overall, a pretty good class.",0,0,0,0,0,0,0,0,0,0,0,0,0,0,0,0,0,0,0,0,0,0
67,12/17/2010,Aaron,Stevens,Boston University,4.5,2.0,N/A,EC171,N/A,No,N/A,N/A,"This class was interesting and had a lot of useful personal finance info. Although some topics can be dry, Aaron tries to make the lectures interesting. He is a nice professor with a sense of humor. The HW only takes about an hour each week and quizzes aren't bad if you study a little. I recommend this class, especially for SMG students",0,0,0,0,0,0,0,0,0,0,0,0,0,0,0,0,0,0,0,0,0,0
68,12/15/2010,Aaron,Stevens,Boston University,2.5,5.0,N/A,CS101,N/A,No,N/A,N/A,"The homework is like having a huge term project every week. It's ridiculous. Aaron is a nice man and attempts to make lectures interesting. However, it's just a tough class. Be prepared to devote 5 hours a week outside of class to the homework. On top of this, it's very hard to also keep up with the reading AND study for quizzes, which are killer.",0,0,0,0,0,0,0,0,0,0,0,0,0,0,0,0,0,0,0,0,0,0
69,10/13/2010,Aaron,Stevens,Boston University,2.5,4.0,N/A,COMP101,N/A,No,N/A,N/A,"Professor Stevens is very funny and entertaining in class, but while there is no prior knowledge required, he really teaches very little, leaves a lot up to TAs who either don't speak english or do not know how to help you, and most of it up to your Googling ability. Huge gap between class and what you are expected to know for homeworks and tests.",0,0,0,0,0,0,0,0,0,0,0,0,0,0,0,0,0,0,0,0,0,0
70,06/29/2010,Aaron,Stevens,Boston University,5.0,2.0,N/A,CS111,N/A,No,N/A,N/A,"I really enjoyed this class. CS111 is definitely rigorous and requires a lot of logic but Stevens is a great professor who does a great job explaining things. What impressed me most is he actually takes the time to notice who is putting in effort. Quizzes are easy, hw is time consuming but doable",0,0,0,0,0,0,0,0,0,0,0,0,0,0,0,0,0,0,0,0,0,0
71,06/27/2010,Aaron,Stevens,Boston University,5.0,2.0,N/A,CS111,N/A,No,N/A,N/A,"I took this over the summer so it was intense but thats expected. Stevens is entertaining, has a sense of humor, and is very approachable. He uses good metaphors to help you understand the material. His quizzes are pretty easy if you study. The homeworks can be challenging but it is easy to get help. I highly recommend a class with Stevens.",0,0,0,0,0,0,0,0,0,0,0,0,0,0,0,0,0,0,0,0,0,0
72,06/25/2010,Aaron,Stevens,Boston University,3.5,2.0,N/A,CS101,N/A,No,N/A,N/A,"Lectures were interesting (make sure you go to them). Covered a large variety of topics, most of which were interesting. Quizzes every other week were fair and weekly homeworks weren't bad either. Labs were kind of pointless though and they just confused me. Entertaining and a good professor overall. Also you don't need the textbook.",0,0,0,0,0,0,0,0,0,0,0,0,0,0,0,0,0,0,0,0,0,0
73,06/08/2010,Aaron,Stevens,Boston University,2.0,2.0,N/A,CS101,N/A,No,N/A,N/A,"aaron is not a very good lecturer goes off topic and his tests/quizes do ask alot of you. Also, of his two sections he gave 4 kids an A in the first class out of 45 ... what a joke. anyway lieku was a horrible TA so watch out but vinita is nice and helpful! goodluck",0,0,0,0,0,0,0,0,0,0,0,0,0,0,0,0,0,0,0,0,0,0
74,05/17/2010,Aaron,Stevens,Boston University,4.0,5.0,N/A,CS108,N/A,Yes,N/A,N/A,"Aaron is a great instructor. He is dissiplined, clear in his lectures and assingments. However, Aaron expects the same quality of work from you. A lot of people do not like him mostly because the course work is really hard (you always have to meet deadlines) or prep for quizes. I did not mind the work, cause it was fun. Adivce: get to know him. gl",0,0,0,0,0,0,0,0,0,0,0,0,0,0,0,0,0,0,0,0,0,0
75,05/10/2010,Aaron,Stevens,Boston University,4.5,2.0,N/A,CS101,N/A,Yes,N/A,N/A,"Aaron is the the clearest, most organized, and most engaging professor I have had the chance to study under at BU. Add to that a great sense of humor, and CS101 is definitely a class you DON'T want to miss!",0,0,0,0,0,0,0,0,0,0,0,0,0,0,0,0,0,0,0,0,0,0
76,05/09/2010,Aaron,Stevens,Boston University,1.0,5.0,N/A,CS101,N/A,No,N/A,N/A,"Stay away from this guy!Computers are my world and this dude almost killed it for me. The class was easy for me, but for many it was very hard. The problem is that he expects you to know almost everything and is a terrible instructor. Not approachable and is very full of himself. Also, he's hired graders that grade ridicuously (and he knows it!).",0,0,0,0,0,0,0,0,0,0,0,0,0,0,0,0,0,0,0,0,0,0
77,05/09/2010,Aaron,Stevens,Boston University,1.0,5.0,N/A,CS101,N/A,No,N/A,N/A,"By far the worst professor I have had at BU. He may be better at a higher level where the topics are more focused, but for the introductory course he was all over the place. He makes no sense, expects a ton of background knowledge, and he is tricky on his exams. He also tries very hard to be cool instead of putting more effort into making sense.",0,0,0,0,0,0,0,0,0,0,0,0,0,0,0,0,0,0,0,0,0,0
78,05/04/2010,Aaron,Stevens,Boston University,3.5,4.0,N/A,CS101,N/A,No,N/A,N/A,DO NOT BUY THE BOOKS FOR THIS CLASS.you literally never need them and it's a waste of money. A lot of people really hated aaron but this class is just BORING and he's passionate about it. just memorize the slides (i know REALLY boring)& you'll do fine. do your homework and ask the TAs to help. beware: more work than expected to fulfill div. req.tho,0,0,0,0,0,0,0,0,0,0,0,0,0,0,0,0,0,0,0,0,0,0
79,04/11/2010,Aaron,Stevens,Boston University,2.5,3.0,N/A,CS101,N/A,No,N/A,N/A,"This course is alright--a good way to fill the math req without taking a math course.  lots of work involved, but relatively easy if you put the time in.  not a particularly interesting course, but not terribly difficult.  had to seek help elsewhere.",0,0,0,0,0,0,0,0,0,0,0,0,0,0,0,0,0,0,0,0,0,0
80,04/11/2010,Aaron,Stevens,Boston University,1.5,5.0,N/A,CS101,N/A,No,N/A,N/A,"I hated this class. It was completely useless.  The quizzes were really hard.  I tried studying for them but it was useless.  Plus, he was not that approachable and did not make the lectures as interesting as I thought.",0,0,0,0,0,0,0,0,0,0,0,0,0,0,0,0,0,0,0,0,0,0
81,01/13/2010,Aaron,Stevens,Boston University,3.0,3.0,N/A,CS101,N/A,No,N/A,N/A,"Wholly Shitzu, I hated this class.  I paid no attention at all.  Labs are completely pointless.  IF you pay attention, you will do well in the class.  Hard to pay attention though.  Tests are random.  Overall, it is ok, but boring as Shitzu.",0,0,0,0,0,0,0,0,0,0,0,0,0,0,0,0,0,0,0,0,0,0
82,12/21/2009,Aaron,Stevens,Boston University,5.0,4.0,N/A,CS101,N/A,Yes,N/A,N/A,"The class is hard. You have to study for his quizzes but they definitely help prepare you for the final. Homework assignments are worth the effort, a great grade booster. Honestly, if you put in the time and do the work, you'll be fine. I don't like the subject but Stevens tries to make it as fun as possible. Plus his office hours definitely help.",0,0,0,0,0,0,0,0,0,0,0,0,0,0,0,0,0,0,0,0,0,0
83,12/19/2009,Aaron,Stevens,Boston University,4.5,5.0,N/A,CS108,N/A,Yes,N/A,N/A,"This class is not to be taken as a joke. It is a difficult class with a heavy course-load, which is especially challenging if you don't love computer programming. However, I will say this: I have learned skills in this class that will apply to many other areas in my life. Aaron Stevens is an amazing professor who truly cares about his students.",0,0,0,0,0,0,0,0,0,0,0,0,0,0,0,0,0,0,0,0,0,0
84,12/18/2009,Aaron,Stevens,Boston University,5.0,2.0,N/A,CS108,N/A,No,N/A,N/A,"I love Aaron. Clear slides and awesome teaching, always there to help. Homeworks were demanding, but really helps in learning and grade boosting. Use easier assignments at the beginning to build a strong grade. Rushed my last homework in 4 hours and final project 3 days, and I still got my A. &lt;3 Aaron forever",0,0,0,0,0,0,0,0,0,0,0,0,0,0,0,0,0,0,0,0,0,0
85,12/16/2009,Aaron,Stevens,Boston University,2.0,3.0,N/A,CS111,N/A,Yes,N/A,N/A,"Lectures were disorganized and not engaging at all. He mumbles a lot and is not very approachable. Homework and projects are reasonable but he expects a lot more. He usually favorites one or two students in the class. Book is very useful. Avoid office hours, he only talks about his personal life and his career.",0,0,0,0,0,0,0,0,0,0,0,0,0,0,0,0,0,0,0,0,0,0
86,11/09/2009,Aaron,Stevens,Boston University,4.0,2.0,N/A,CS101,N/A,No,N/A,N/A,"Really funny, makes class fun to go to.  If you like working with programs like Flash, Photoshop, html, then you'll love this class.  The quizzes are manageable and I didn't use the book once.  I recommend you take this class, it's not much work at all, and that work you do have to complete is enjoyable.",0,0,0,0,0,0,0,0,0,0,0,0,0,0,0,0,0,0,0,0,0,0
87,09/06/2009,Aaron,Stevens,Boston University,5.0,3.0,N/A,CS111,N/A,Yes,N/A,N/A,"Kind of a challenging class but a very good instructor. He is very knowledgeable about Java, can answer any questions you have no matter how specific, and he does a good job of explaining difficult concepts through metaphors or through drawings on the board. Overall a very stimulating class.",0,0,0,0,0,0,0,0,0,0,0,0,0,0,0,0,0,0,0,0,0,0
88,08/11/2009,Aaron,Stevens,Boston University,5.0,4.0,N/A,CS111,N/A,Yes,N/A,N/A,Great teacher.  His lectures are always clear and informative and his examples help the students further understand the material.  Be prepared for a lot of work in cs111 but a great class overall.,0,0,0,0,0,0,0,0,0,0,0,0,0,0,0,0,0,0,0,0,0,0
89,08/10/2009,Aaron,Stevens,Boston University,1.5,3.0,N/A,CS108,N/A,No,N/A,N/A,"Although I did well in this class and did not find the workload overwhelming, I did not find Aaron helpful or engaging. I often felt that his lectures were fairly useless and even in office hours he would often either choose to not answer my questions or would not know the answer. Would recommend the course, but not the professor.",0,0,0,0,0,0,0,0,0,0,0,0,0,0,0,0,0,0,0,0,0,0
90,08/10/2009,Aaron,Stevens,Boston University,4.0,3.0,N/A,CASCS,N/A,No,N/A,N/A,"CS 108 is great intro to programming class - both the course and Stevens ability to teach the course. Yes, homeworks can be somewhat long and challenging - but, you have plenty of time to ask questions and Stevens and the TA always give helpful, timely responses Quizzes and Tests are very straightfoward (just study the slides). I loved this class!",0,0,0,0,0,0,0,0,0,0,0,0,0,0,0,0,0,0,0,0,0,0
91,05/30/2009,Aaron,Stevens,Boston University,4.5,2.0,N/A,CS101,N/A,No,N/A,N/A,"Great prof- likes and helps his students.  If you pay attention and do all the assignments it's pretty easy to do well, and a great class to take for your mcs req!",0,0,0,0,0,0,0,0,0,0,0,0,0,0,0,0,0,0,0,0,0,0
92,05/11/2009,Aaron,Stevens,Boston University,4.5,5.0,N/A,CS108,N/A,No,N/A,N/A,"Great professor who will challenge you but will ultimately bring out your best. Very caring and helpful. Accessible, and replies to e-mails fast. Work hard and show him that you care and you will be rewarded. Would highly recommend this professor and the course. My advice- if you are taking CS108 take it in conjunction with easier classes.",0,0,0,0,0,0,0,0,0,0,0,0,0,0,0,0,0,0,0,0,0,0
93,05/10/2009,Aaron,Stevens,Boston University,4.5,4.0,N/A,CS108,N/A,No,N/A,N/A,"Aaron provides a great intro to CS & programming for those w/little or no experience. He teaches both parts ? the language of programming and how to think logically. He is always available (email, IM, office hours), and he recognizes and rewards hard work. The time commitment is considerable, but you?ll learn real applicable skills. Book not needed",0,0,0,0,0,0,0,0,0,0,0,0,0,0,0,0,0,0,0,0,0,0
94,04/21/2009,Aaron,Stevens,Boston University,1.0,5.0,N/A,CS101,N/A,Yes,N/A,N/A,"In this day in age it is all too often that Computer Science teachers are often regarded as easy. Aaron is undeniably not the case. He is an utterly useless lecturer, a niggard quiz grader, and diabolical person in general. He thrives on murder the dreams and aspirations of youthful, energetic CS students who only wish to further their knowledge.",0,0,0,0,0,0,0,0,0,0,0,0,0,0,0,0,0,0,0,0,0,0
95,04/21/2009,Aaron,Stevens,Boston University,1.5,5.0,N/A,CS101,N/A,No,N/A,N/A,"Never teaches whatever is going to be in the HW.  The HW is very hard and is very time consuming.  He thinks he's funny but really is an ****.  Awful teacher, can't teach... harsh grader",0,0,0,0,0,0,0,0,0,0,0,0,0,0,0,0,0,0,0,0,0,0
96,04/05/2009,Aaron,Stevens,Boston University,1.5,4.0,N/A,CS101,N/A,No,N/A,N/A,"Homeworks were awful, took soo much time to complete and grading was very specific.  Classes were boring, and stevens trying to wayy to hard to get us to like him was annoying.  I spent more time doing work for this class than any other this semester and am failing. Take a stats class instead!",0,0,0,0,0,0,0,0,0,0,0,0,0,0,0,0,0,0,0,0,0,0
97,04/02/2009,Aaron,Stevens,Boston University,2.0,4.0,N/A,CS101,N/A,No,N/A,N/A,"He's a nice enough guy, his jokes may be a little corny, but the class isn't great. It's not really because of him, it's just boring. It's not extremely difficult until you get to programming, which will kick your ass. Labs are a waste and I couldn't understand one word my TF said. Not a terrible course, I actually thought making a webpage was fun.",0,0,0,0,0,0,0,0,0,0,0,0,0,0,0,0,0,0,0,0,0,0
98,12/29/2008,Aaron,Stevens,Boston University,2.5,4.0,N/A,CS101,N/A,No,N/A,N/A,"This class is terrible in the sense that the homework take hours, the labs are utterly useless, and the quizzes are difficult because they're graded 1-10. My grade in this class was the lowest I ever received at BU. The professor is nice and somewhat entertaining, but the poor grades are just not worth it. Take a math class instead, way easier!!",0,0,0,0,0,0,0,0,0,0,0,0,0,0,0,0,0,0,0,0,0,0
99,12/26/2008,Aaron,Stevens,Boston University,4.0,4.0,N/A,CS101,N/A,No,N/A,N/A,"Course isn't great, but not because of Aaron:if u dont have an interest, u just wont like it.HW is hard, but help is easy to come by, cause he really cares about his students;lecture slides are good to review for finals and quizes;go to class even though the slides are online, he gives good examples!if u are willing to work hard, u will do well.",0,0,0,0,0,0,0,0,0,0,0,0,0,0,0,0,0,0,0,0,0,0
100,12/18/2008,Aaron,Stevens,Boston University,2.0,4.0,N/A,CS101,N/A,No,N/A,N/A,"He loves to go on political rants and interrupt class with his comments.  His second to last lecture was completely about US health care and what he thinks should be done with it.  When he actually teaches, he teaches from his slides and presents like a freshman would. Ask him a question and he looks clueless. Learned more from our Awesome TF",0,0,0,0,0,0,0,0,0,0,0,0,0,0,0,0,0,0,0,0,0,0
101,12/17/2008,Aaron,Stevens,Boston University,2.5,4.0,N/A,CS108,N/A,No,N/A,N/A,"Good class. Homework is time consuming but not overwhelming. Aaron picks favorites. I compared my project to some of the &quot;favorites&quot; and they received a much higher grade for a weaker project. I missed 3 classes, two were interviews that i told him about, yet i had one of the lowest attendance grades. Get to know him or you will be very disappointe",0,0,0,0,0,0,0,0,0,0,0,0,0,0,0,0,0,0,0,0,0,0
102,12/14/2008,Aaron,Stevens,Boston University,2.5,4.0,N/A,CS108,N/A,No,N/A,N/A,"Homeworks will destroy what little time you have on the weekend. Aaron is a pretty decent teacher, and has very good slides, but I sometimes wasn't sure if there was enough space in the room for the students AND his ego. Final project is****ty because he actually grades that one...your TA will make or break most of your grade in this class.",0,0,0,0,0,0,0,0,0,0,0,0,0,0,0,0,0,0,0,0,0,0
103,10/07/2008,Aaron,Stevens,Boston University,1.5,3.0,N/A,CS101,N/A,No,N/A,N/A,Homeworks are incomprehensible and riddled with errors; the class is irrelevant to SHA. Everything is graded by TFs and is not very good at responding to emails.,0,0,0,0,0,0,0,0,0,0,0,0,0,0,0,0,0,0,0,0,0,0
104,09/02/2008,Aaron,Stevens,Boston University,4.5,3.0,N/A,CS101,N/A,Yes,N/A,N/A,"i got an A with no previous comp sci expeience. aaron is a nice guy who actually seems to care about his students. visit him in office hours and he will help, but you will have to work to get a good grade",0,0,0,0,0,0,0,0,0,0,0,0,0,0,0,0,0,0,0,0,0,0
105,08/11/2008,Aaron,Stevens,Boston University,2.0,4.0,N/A,CS111,N/A,No,N/A,N/A,"disaster teacher for intro CS course. No lecture notes available after class. You get judged as a first time programmer and because you are not perfect in every aspects, you will get a lower grade than you expected in his grading though you have worded hard to get almost everything right. Skip this class and go to next level CS class will be better",0,0,0,0,0,0,0,0,0,0,0,0,0,0,0,0,0,0,0,0,0,0
106,08/11/2008,Aaron,Stevens,Boston University,2.0,5.0,N/A,CS111,N/A,No,N/A,N/A,"Aaron always pretends to be a nice guy by asking you stupid questions and telling a extremely boring joke at class. However, what really matters is the horrible work load and unfair grading, which will keep you worrying about your final letter grade throughout the semester. As a reward to your hard work, you will still get a grade you dont deserve",0,0,0,0,0,0,0,0,0,0,0,0,0,0,0,0,0,0,0,0,0,0
107,05/15/2008,Aaron,Stevens,Boston University,4.5,3.0,N/A,CS108,N/A,Yes,N/A,N/A,"Stevens is a great professor. He 's very organized, works hard to make homework interesting and comprehensible, and genuinely seems to enjoy his job. I can only complain about his frequent disregard for spellchecking.",0,0,0,0,0,0,0,0,0,0,0,0,0,0,0,0,0,0,0,0,0,0
108,01/09/2008,Aaron,Stevens,Boston University,4.0,3.0,N/A,CS101,N/A,No,N/A,N/A,Stevens is fun in class and you have to attend all of his lectures and labs because he counts attendance in the final grade. Instead of a midterm he gives 6 quizzes of which 1 can be dropped. They are quite easy if his lecture notes are studied well. It is difficult to get an A because he does not curve the quizzes and you have to get a 95%.,0,0,0,0,0,0,0,0,0,0,0,0,0,0,0,0,0,0,0,0,0,0
109,12/18/2007,Aaron,Stevens,Boston University,4.0,2.0,N/A,CS101,N/A,No,N/A,N/A,"Aaron's a good guy, and the class seems reasonably easy if you do what you have to (I am rating pre-final exam...).  He put all his slides up on the 'net, which made it easy to study what he wanted us to know.  Homework DID range widely, so start early, and labs WERE completely useless.",0,0,0,0,0,0,0,0,0,0,0,0,0,0,0,0,0,0,0,0,0,0
110,12/14/2007,Aaron,Stevens,Boston University,3.5,3.0,N/A,CS101,N/A,No,N/A,N/A,"He's a good guy and the lectures are interesting, but the labs are useless. The homework ranges from quick and easy to impossible and time-consuming. Quizzes are extremely easy, but it seems like all the different components of the class are disconnected...it was only his second time teaching the class so that's probably it.",0,0,0,0,0,0,0,0,0,0,0,0,0,0,0,0,0,0,0,0,0,0
111,11/18/2007,Aaron,Stevens,Boston University,3.0,4.0,N/A,CS101,N/A,Yes,N/A,N/A,No Comments,0,0,0,0,0,0,0,0,0,0,0,0,0,0,0,0,0,0,0,0,0,0
112,09/19/2007,Aaron,Stevens,Boston University,3.5,1.0,N/A,CS101,N/A,Yes,N/A,N/A,"Desperately wants to be liked by his students, so he can come off a little like the kid who never got picked first in gym class. Sometimes he doesn't really answer your questions, you may have to persist. Very reasonable workload!",0,0,0,0,0,0,0,0,0,0,0,0,0,0,0,0,0,0,0,0,0,0
113,08/24/2007,Aaron,Stevens,Boston University,3.5,3.0,N/A,CS111,N/A,No,N/A,N/A,"one of the worst classes ive ever taken at bu. you dont get the grade you actually deserve in the class and you are required to put hours upon hours of work into this class (yes i know its a programming class) but seriously, its a 100 level class. chill the f out with the weekly hw assignments. some of us have real classes to worry about.",0,3,0,0,0,0,0,0,0,0,0,0,0,0,0,0,0,0,0,0,0,0
114,07/29/2007,Aaron,Stevens,Boston University,1.5,5.0,N/A,CS111,N/A,Yes,N/A,N/A,"stevens is the kind of teacher who likes to fail students at no cost. he gives insufferable homework. lectures are really useful dont skip them, he WILL notice. go to his office hours even if you know the material. read the book. he thinks he is funny but he makes the lectures boring. he usually befriends students who sit in the front",0,0,0,0,0,0,0,0,0,0,0,0,0,0,0,0,0,0,0,0,0,0
115,07/29/2007,Aaron,Stevens,Boston University,2.0,4.0,N/A,CS111,N/A,Yes,N/A,N/A,"Unfair grader!!! Don't take his class. He expects you to work a LOT. Curves down. Really bias with jewish students. If you want to succeed in this class, you better befriend him and hear him talk for hours about his family. Sometimes funny during lectures.  Worst teacher for cs111. Fool of himself as a java programmer. Go to his office hours.",0,0,0,0,0,0,0,0,0,0,0,0,0,0,0,0,0,0,0,0,0,0
116,04/18/2007,Aaron,Stevens,Boston University,3.5,4.0,N/A,CS108,N/A,No,N/A,N/A,"CS108 is NOT for the weak.  It may be an intro level class, but it is a lot of work.  Be ready to spend 5-10 hours each week on homework.  Not a good idea if you want to take this to get rid of Math/CS requirement.  Aaron provides great examples and is very clear, but not very helpful.  Homeworks are a &quot;figure it out for yourself&quot; kind of deal.",1,0,0,0,0,0,0,0,0,0,0,0,0,0,0,0,0,0,0,0,0,0
117,04/17/2007,Aaron,Stevens,Boston University,2.5,3.0,N/A,CS108,N/A,No,N/A,N/A,"I would not recommend this class to anyone who DOESN'T have a strong interest in programming. I took AP Computer Science in high school, and still struggled with this class. It is definitely not an easy way to get rid of a requirement. Such ridiculous amounts of hw, and he isn't very helpful.",0,0,0,0,0,0,0,0,0,0,0,0,0,0,0,0,0,0,0,0,0,0
118,12/25/2006,Aaron,Stevens,Boston University,5.0,3.0,N/A,CS111,N/A,No,N/A,N/A,"Excellent course, but not easy.  Expect to spend 10-15 hours a week working on HW, but they're excellent reinforcements of class material.  Quizzes every two weeks are tricky but helpful.  Excellent way to start Comp Sci, Aaron is a teacher who really wants to see his students learn. Helpful in office hours and by email.  Good class overall.",0,0,0,0,0,0,0,0,0,0,0,0,0,0,0,0,0,0,0,0,0,0
119,12/19/2006,Aaron,Stevens,Boston University,3.0,4.0,N/A,CS111,N/A,No,N/A,N/A,"He's a very nice guy, and a good teacher. Nevertheless, CS 111 is not an easy class. Trying to finish the homework (which is due at midnight every sunday) ruined my weekends this semester. Expect to spend at least 10 hours a week on homework. The subject matter is not that exciting, the exam and quizzes aren't easy, and he's kind of a picky grader",0,2,0,0,0,0,0,0,0,0,0,0,0,0,0,0,0,0,0,0,0,0
120,06/30/2006,Aaron,Stevens,Boston University,5.0,1.0,N/A,CS111,N/A,N/A,N/A,N/A,"Aaron is an amazing prof. HW takes a lot of time, but if you are willing to put time into this class you can get a good grade and learn a lot. take this class if you have the time!",0,0,0,0,0,0,0,0,0,0,0,0,0,0,0,0,0,0,0,0,0,0
121,06/21/2006,Aaron,Stevens,Boston University,1.0,1.0,N/A,CS111,N/A,N/A,N/A,N/A,"Although I liked the class, the professor was terrible. He expected us to study CS for 15 hours a week and the assignments were really hard and time consuming. Visiting him was just a waste of time and also, I begged for (and eventually got) points lost unfairly on 3 quizzes!! Make sure that you ask for points on every quiz. Good luck!",0,0,0,0,0,0,0,0,0,0,0,0,0,0,0,0,0,0,0,0,0,0
122,05/07/2006,Aaron,Stevens,Boston University,5.0,3.0,N/A,CS111,N/A,N/A,N/A,N/A,Nicest professor I've encountered at BU thus far. Will strive to make sure you understand the material  -- if the grader unfairly ****s you out of points on quizzes - go see Aaron!!,0,0,0,0,0,0,0,0,0,0,0,0,0,0,0,0,0,0,0,0,0,0
123,04/09/2006,Aaron,Stevens,Boston University,5.0,4.0,N/A,CS108,N/A,N/A,N/A,N/A,"NO DOUBT THE BEST CLASS POSSIBLE. Aaron is VERY helpful, accessible, and fair. His lectures are clear and organized; HWs are very clear and fun. The final project is also really great. I'm not a CS major but LOVE this class. I wish I could take more programming classes.",0,0,0,0,0,0,0,0,0,0,0,0,0,0,0,0,0,0,0,0,0,0
124,01/29/2006,Aaron,Stevens,Boston University,5.0,1.0,N/A,CS111,N/A,N/A,N/A,N/A,"what an awesome guy. he is just the best, no doubt...",0,0,0,0,0,0,0,0,0,0,0,0,0,0,0,0,0,0,0,0,0,0
125,12/08/2005,Aaron,Stevens,Boston University,5.0,1.0,N/A,CS108,N/A,N/A,N/A,N/A,No Comments,0,0,0,0,0,0,0,0,0,0,0,0,0,0,0,0,0,0,0,0,0,0
126,11/19/2005,Aaron,Stevens,Boston University,4.5,4.0,N/A,CS111,N/A,N/A,N/A,N/A,"Possibly the nicest professor I've ever had - His lectures are straight-forward and he makes sure you are prepared for assignments and exams. Workload is a little heavy and very time consuming, but worth it - I learned a lot in this class - Really nice/helpful TA too",0,0,0,0,0,0,0,0,0,0,0,0,0,0,0,0,0,0,0,0,0,0
127,11/12/2005,Aaron,Stevens,Boston University,5.0,1.0,N/A,CS108,N/A,N/A,N/A,N/A,"If you dont mind a little homework, definitely take this class.  Aron is great!!!",0,0,0,0,0,0,0,0,0,0,0,0,0,0,0,0,0,0,0,0,0,0
128,11/06/2005,Aaron,Stevens,Boston University,4.5,2.0,N/A,CS111,N/A,N/A,N/A,Mandatory,Awesome teacher!!  Really clear and funny!! Yankee fans shouldn't take this course but SOX fans will enjoy. He gives lots of homework hints in class and will always help...even if it's two hours before the assignment is due. He teachers like he really enjoys both the subject and the fact that he gets to teach it to someone.  Wicked Awesome!!!!!!!!!,0,0,0,0,0,0,0,0,0,0,0,0,0,0,0,0,0,0,0,0,0,0
129,09/06/2005,Aaron,Stevens,Boston University,4.5,1.0,N/A,CS111,N/A,N/A,N/A,N/A,Excellent teacher and nice person. Very helpful outide classroom.,0,0,0,0,0,0,0,0,0,0,0,0,0,0,0,0,0,0,0,0,0,0
130,05/11/2005,Aaron,Stevens,Boston University,1.5,5.0,N/A,CS108,N/A,N/A,N/A,N/A,"Horrible teacher. Gives bad grades, admits assignments he gives out were too hard and should not have been given out but still keeps the bad grades kids get. Does not teach what needs to be known for assignments. Has a student from last semester grade the assignments. Do not take this class.",0,0,0,0,0,0,0,0,0,0,0,0,0,0,0,0,0,0,0,0,0,0
131,04/21/2005,Aaron,Stevens,Boston University,4.5,4.0,N/A,CS108,N/A,N/A,N/A,N/A,"Stevens is a great professor, as far as comp sci goes-- he's incredibly helpful when you need homework assistance or general explanations.  Very available outside of class, and an all-around nice guy.  Tells corny jokes and shows vacation photos.  Definitely recommended.",0,0,0,0,0,0,0,0,0,0,0,0,0,0,0,0,0,0,0,0,0,0
132, 01/30/2018,Ralph,Covino,Boston University,3.0,2.0,Yes,IS469,Yes,No,N/A,Mandatory,"He's a really nice guy, and I think he does genuinely care about his students and wants to help as much as he can. I find that a lot of the stuff he says can be very contradictory and he kinda talks in circles, so stick to the textbook (which I found for free online, please don't pay for it), powerpoint slides, and talking to other people in class.",2,1,0,0,0,1,0,0,0,0,0,0,0,0,0,0,0,1,1,0,0,0
133, 12/21/2017,Ralph,Covino,Boston University,1.0,1.0,No,IS469,Yes,No,Not sure yet,Mandatory,"First of all, I would like to start by addressing his ""helpfulness"". Helpful, some may call it, I would personally call it, ""try to help, but fail to do so."" This professor honestly has no clue what he is teaching. This might not be the professor's fault, but the course's fault; however, this class is of no value despite the professor's high claims",0,0,0,0,0,0,0,0,0,0,0,0,0,0,0,0,0,0,0,0,0,0
134, 12/20/2017,Ralph,Covino,Boston University,5.0,3.0,Yes,IS467,Yes,Yes,A-,Mandatory,Had him for both 469 & 467 -He's an angel! So helpful- all his projects are so interesting and his exams are fair. He's a fair grader and always available for students. Must come to lecture to a) get the work done (very limited hw) b) to hear key test material. If you get to pick between 467(team work) and 469(solo work). 467 is a solid winner.,0,0,0,0,0,0,0,0,0,0,1,0,1,0,0,0,0,0,1,0,0,0
135, 04/10/2016,Ralph,Covino,Boston University,4.0,1.0,N/A,IS469,Yes,No,N/A,Mandatory,"The only downside to Professor Covino's lectures is that it's pretty boring. He doesn't attempt to make lectures interesting or engaging for students. With that being said, he genuinely cares about his students and makes sure students understand the materials well. As long as you work/pay attention in class, you will do well.",1,0,0,0,0,0,0,0,0,0,0,0,0,0,0,0,0,1,1,0,0,0
136, 02/08/2016,Ralph,Covino,Boston University,3.5,2.0,N/A,IS467,Yes,No,A,Mandatory,Covino really cares about his students and legitimately wants to give you the best grade he possibly can. The average grade is usually an A-. Studier a little harder for the exams and you'll get an A. Having him as a professor after having so many professors who deliberately try to fail you is a breath of fresh air. He's a great teacher.,2,1,0,0,0,0,0,1,0,0,0,0,0,0,0,0,0,0,1,0,0,0
137, 11/10/2015,Ralph,Covino,Boston University,1.0,3.0,N/A,IS223,Yes,Yes,A,Mandatory,HORRIBLE PROFESSOR. Covino was absolutely useless. Taking his class is a waste of tuition as you learn nothing. Lectures last for not more than 20 minutes and he doesn't care about whether you are learning or not. He doesn't explain anything in the class. He is plain lazy.,0,0,0,0,0,0,0,0,0,0,0,0,1,0,0,0,0,0,0,0,0,0
138, 12/20/2014,Ralph,Covino,Boston University,3.0,1.0,N/A,IS223,Yes,Yes,A-,Mandatory,"Given that it was a new course in the curriculum, Professor Covino was very lenient with the grading and understood a lot of students' frustrations with the class. Sometimes it was confusing to know exactly what we needed to do for assignments or readings, but that was more of a course problem than a problem with Covino.",0,0,0,0,0,0,0,1,0,0,0,0,0,0,0,0,0,0,0,0,0,0
139, 05/21/2013,Ralph,Covino,Boston University,3.5,1.0,N/A,IS323,N/A,No,N/A,N/A,"To have him as a professor - great. Great guy and an interesting class. Always available to help you out and an easy grader. To have him for CORE - you won't be at all prepared for the exams with just his lectures. Get your notes from someone in Allen's class. As an MIS concentrator, I think he should have stuck with HR.",1,0,0,0,0,0,0,0,0,0,0,0,0,0,0,0,0,0,0,0,0,0
140, 04/10/2013,Ralph,Covino,Boston University,2.0,1.0,N/A,CS101,N/A,No,N/A,N/A,"If you are looking for a professor who has no interest in actually teaching you and you want an easy A, this is your guy.  However, if you're in college to actually learn something and start a foundation, avoid him like the plague.",1,0,0,0,0,0,0,0,0,0,0,0,0,0,0,0,0,0,0,0,0,0
141, 12/06/2011,Ralph,Covino,Boston University,5.0,1.0,N/A,IS472,N/A,No,N/A,N/A,"Wasn't sure what to expect of e-commerce, but Covino was awesome!  Relies on students' participation to fuel class discussions rather than reading off textbook/slides.  Discuss engaging, real-life cases.  Probably the most enjoyable & non-technical course for MIS concentrators.",0,0,0,0,0,0,0,0,0,0,0,0,0,0,0,0,0,0,0,0,0,0
142, 01/26/2011,Ralph,Covino,Boston University,5.0,1.0,N/A,CS382,N/A,Yes,N/A,N/A,"He is a very realistic professor, he wants as to read and talk about how technology can help or become a threat based on companies types and time periods.",0,0,0,0,0,0,0,0,0,0,0,0,0,0,0,0,0,0,0,0,0,0
143, 06/22/2008,Ralph,Covino,Boston University,5.0,1.0,N/A,CS201,N/A,Yes,N/A,N/A,"He was the best teacher that I ever had, amazing class. Became my friend and was very understanding. THANK YOU for the awesome experience.",0,0,0,0,0,0,0,0,0,0,0,0,0,0,0,0,0,0,0,0,0,0
144, 05/21/2008,Ralph,Covino,Boston University,5.0,1.0,N/A,CS382,N/A,No,N/A,N/A,"Great professor. Show up & participate. Work load is light. Tells great relevant stories from his own experience. I learned a lot in this course. An extremely nice man. He?s genuine, and truly cares about you. He becomes your friend.",0,0,0,0,0,0,0,0,0,0,0,0,0,0,0,0,0,0,0,0,0,0
145, 04/29/2008,Ralph,Covino,Boston University,5.0,1.0,N/A,CS382,N/A,Yes,N/A,N/A,"Great professor. Show up & participate. Work load is light. Tells great, relevant stories from his own experience. I learned a lot in this course.",0,1,0,0,0,0,0,0,0,0,0,0,0,0,0,0,0,0,0,0,0,0
146, 05/04/2005,Ralph,Covino,Boston University,5.0,1.0,N/A,CS101,N/A,N/A,N/A,N/A,Incredibly easy!! No exams and one 2 page paper.  Class always lets out early.  Hands out A's like candy,0,0,0,0,0,0,0,0,0,0,0,0,0,0,0,0,0,0,0,0,0,0
147, 11/03/2007,Monica,Stoica,Boston University,2.0,5.0,N/A,CS103,N/A,No,N/A,N/A,"The thing about smonica is in class she seems pretty nice and can be funny (even if slightly weird). The homeworks and labs are easy, I got high 90s on all of them. BUT the tests are insanely hard, and half the stuff was never mentioned in class! You think you are doing ok and then suddenly you take the final and have a C in the class. AVOID AVOID!",0,0,0,0,0,0,0,0,0,0,0,0,0,0,0,0,0,0,0,0,0,0
148, 01/04/2007,Monica,Stoica,Boston University,1.0,3.0,N/A,CS103,N/A,No,N/A,N/A,"Do not take this class. She is certainly a fraud. Final is on random material that was covered very little during the semester. She responds to emailed questions like this: ""ok"" ""will check"" and other one or two word replys. Dont take this class. Period.",0,0,0,0,0,0,0,0,0,0,0,0,0,0,0,0,0,0,0,0,0,0
149, 12/18/2006,Monica,Stoica,Boston University,1.5,4.0,N/A,CS101,N/A,Yes,N/A,N/A,2/3s of tests are not on anything she covered in class. You would be better off just reading the book and doing the tutorials. Class is basically an extremely boring way to fufill your requirements.,0,0,0,0,0,0,0,0,0,0,0,0,0,0,0,0,0,0,0,0,0,0
150, 12/17/2006,Monica,Stoica,Boston University,1.0,4.0,N/A,CS101,N/A,No,N/A,N/A,"This professor is the worst teacher I have EVER had. She has absolutely no understanding of the term ""teach."" 99.9% of the information covered on the exams isnt mentioned in the lectures. The lectures are a waste of time and she makes you feel stupid. Awful awful teacher. I should have listened to everyone else when they told me not take this class",0,0,0,0,0,0,0,0,0,0,0,0,0,0,0,0,0,0,0,0,0,0
151, 12/17/2006,Monica,Stoica,Boston University,1.0,4.0,N/A,CS101,N/A,No,N/A,N/A,"This class is a joke, and so is the professor. 99% of the material on the written exam is material we have never covered in class. She teaches one thing then tests something else. The lab portion of the exam is actually about something we learn, but its only worth 30% of the grade! You think you get a good grade, but thanks to the exams you won't.",0,0,0,0,0,0,0,0,0,0,0,0,0,0,0,0,0,0,0,0,0,0
152, 12/10/2006,Monica,Stoica,Boston University,2.0,1.0,N/A,CS101,N/A,No,N/A,N/A,"I attend maybe 3 lectures a month and am getting an A in the class.  Sure, she's a bit of a ... you know, but the homeworks and lab parts of the tests are an absolute cakewalk.  With a little pattern recognition, you'll do well in the class.  Show up every once in a while just to find out what you missed.  Otherwise, smooth sailing.",0,0,0,0,0,0,0,0,0,0,0,0,0,0,0,0,0,0,0,0,0,0
153, 11/04/2006,Monica,Stoica,Boston University,1.0,4.0,N/A,CS101,N/A,No,N/A,N/A,Awful.  Impossible to understand.,0,0,0,0,0,0,0,0,0,0,0,0,0,0,0,0,0,0,0,0,0,0
154, 06/28/2006,Monica,Stoica,Boston University,1.0,5.0,N/A,CS101,N/A,N/A,N/A,N/A,She is the worst! She's so full of herself and condescending when you ask for help!! She doesn't turn off her phone in class and she picks it up!! shes soo baddd!,1,1,0,0,0,0,0,0,0,0,0,0,0,0,0,0,0,0,0,0,0,0
155, 05/18/2006,Monica,Stoica,Boston University,1.0,3.0,N/A,CS103,N/A,N/A,N/A,N/A,"In my opinion, she is a fraud. The lectures are totally useless, and she usually lets everyone out 20-30 minutes early. The content that was in class was extremely sloppy and not covered much in the final. That is to say the final was random and covered new material that was discussed in lecture perhaps a couple of minutes.",0,0,0,0,0,0,0,0,0,0,0,0,0,0,0,0,0,0,0,0,0,0
156, 04/18/2006,Monica,Stoica,Boston University,3.0,2.0,N/A,CS103,N/A,N/A,N/A,N/A,"I haven't been to a lecture in weeks and I have the second highest grade in this class. The lectures are a complete waste of time, and anyone with any knowledge of html and flash (or the ability to READ TUTORIALS) will have no trouble getting a good grade.",0,1,0,0,0,0,0,0,0,0,0,0,0,0,0,0,0,0,0,0,0,0
157, 04/12/2006,Monica,Stoica,Boston University,1.0,4.0,N/A,CS103,N/A,N/A,N/A,N/A,Evil **** from hell! She actually called me stupid when I went to see her during office hours.,0,1,0,0,0,0,0,0,0,0,0,0,0,0,0,0,0,0,0,0,0,0
158, 04/05/2006,Monica,Stoica,Boston University,1.0,2.0,N/A,CS,N/A,N/A,N/A,N/A,"2.1 overall. Thats less than 50 percent, which last time I checked is a failing grade. Disregard the comments about her actually being a nice person. What matters is how she acts in class and during office hours. She was always a cold-hearted, unforgiving, nasty individual. Avoid her class in any way possible. I got a B and still couldnt stand her.",0,0,0,0,0,0,0,0,0,0,0,0,0,0,0,0,0,0,0,0,0,0
159, 01/20/2006,Monica,Stoica,Boston University,1.0,5.0,N/A,CS103,N/A,N/A,N/A,N/A,worst professor at BU ny far not even close,0,0,0,0,0,0,0,0,0,0,0,0,0,0,0,0,0,0,0,0,0,0
160, 08/21/2005,Monica,Stoica,Boston University,1.0,3.0,N/A,CS101,N/A,N/A,B,N/A,"She was a terrible professor. Her class was farily easy, but she always messed up the grading, and her lectures were horrible.",0,0,0,0,0,0,0,0,0,0,0,0,0,0,0,0,0,0,0,0,0,0
161, 07/21/2005,Monica,Stoica,Boston University,1.0,3.0,N/A,CS101,N/A,N/A,N/A,N/A,She does not care with you know to do programs or web pages... she wants you to really a boring book that is not helpful in practice.,0,0,0,0,0,0,0,0,0,0,0,0,0,0,0,0,0,0,0,0,0,0
162, 07/01/2005,Monica,Stoica,Boston University,5.0,1.0,N/A,CS101,N/A,N/A,N/A,N/A,"If you just attend her lectures (or view them online) then you should get an A easily. If you have questions, ASK, she's always asking if people understand the lecture and most of the time they dont... and they dont ask for help. You have to either really not prepare at all or be extremely thick to get a C or below in this class with her...",0,0,0,0,0,0,0,0,0,0,0,0,0,0,0,0,0,0,0,0,0,0
163, 06/15/2005,Monica,Stoica,Boston University,2.5,4.0,N/A,CS103,N/A,N/A,N/A,N/A,Thought class was interesting; She claimed students got As; Homeworks seemed easy;HORRIBLE HORRIBLE test of material never covered; unhelpful during office hours; TA was better at explaining things than she was; NOT RECOMMENDED AT ALL!!!!!!!!!!!!,0,0,0,0,0,0,0,0,0,0,0,0,0,0,0,0,0,0,0,0,0,0
164, 05/25/2005,Monica,Stoica,Boston University,1.0,4.0,N/A,CS101,N/A,N/A,N/A,N/A,"She's mean, can't teach, doesn't seem to care about student's success in class.  As everyone else said already, don't take class with her.",0,0,0,0,0,0,0,0,0,0,0,0,0,0,0,0,0,0,0,0,0,0
165, 05/17/2005,Monica,Stoica,Boston University,1.0,5.0,N/A,CS101,N/A,N/A,N/A,N/A,"worst teacher of my life. got straight As but a D in her class... dont ever take a class with her. if you do happen to register for her class get out as quick as you can. she is a cold hearted ""instructor"" (not even a professor!) TF speaks worse english than her. wish i had read this site before going to her class... good luck.",0,0,0,0,0,0,0,0,0,0,0,0,0,0,0,0,0,0,0,0,0,0
166, 05/10/2005,Monica,Stoica,Boston University,1.5,4.0,N/A,CS101,N/A,N/A,A,Mandatory,"Homework is very easy but tests are insanely hard.  She'll tell you that ""most people get As..most of you will do well.""  But we didn't.  She told me that my midterm grade of 70% was way above the class average! Most of the test material was not covered in class. You've been warned.",0,0,0,0,0,0,0,0,0,0,0,0,0,0,0,0,0,0,0,0,0,0
167,05/10/2005,Monica,Stoica,Boston University,1.0,5.0,N/A,CS101,N/A,N/A,N/A,N/A,This class sucks. Don't take it.,0,0,0,0,0,0,0,0,0,0,0,0,0,0,0,0,0,0,0,0,0,0
168,04/10/2005,Monica,Stoica,Boston University,1.0,5.0,N/A,CS101,N/A,N/A,N/A,N/A,"The stats say it all, 104 comments, almost all negative.  Worst professor at BU! Boring, unhelpful, teaches more about a roomba than computers....",0,0,0,0,0,0,0,0,0,0,0,0,0,0,0,0,0,0,0,0,0,0
169,03/31/2005,Monica,Stoica,Boston University,3.5,3.0,N/A,CS103,N/A,N/A,N/A,N/A,"Smonica (as we all call her) is not an easy A.  She is a very nice person, but very mean when it comes to her tests.  The homeworks are easy however and can be your saving grace.  She isnt boring to listen to even though the material is dull...and her jokes are not funny, which makes them funny!",0,0,0,0,0,0,0,0,0,0,0,0,0,0,0,0,0,0,0,0,0,0
170,03/30/2005,Monica,Stoica,Boston University,4.0,2.0,N/A,CS101,N/A,N/A,N/A,N/A,"Monica can come off a bit cold but she really is pretty cool if you give her a chance.  It's true her tests are impossible but everyone fails so it all gets curved up in the end.  The homeworks are a gift.  There are only four all semester and she does them for you, step by step, in class.",0,0,0,0,0,0,0,0,0,0,0,0,0,0,0,0,0,0,0,0,0,0
171,02/22/2005,Monica,Stoica,Boston University,2.5,4.0,N/A,CS103,N/A,N/A,N/A,N/A,"Not as bad as everyone says. She is a really nice person, but not the best professor. I did learn things in her class though...but I don't think I would have survived without the TA. She has an odd, but funny sense of humor, and she really wants everyone to do well. You can negotiate with her too.",0,0,0,0,0,0,0,0,0,0,0,0,0,0,0,0,0,0,0,0,0,0
172,01/27/2005,Monica,Stoica,Boston University,2.0,4.0,N/A,CS101,N/A,N/A,N/A,N/A,"She'll tell you on day one that her class is a cake walksee if you agree after the first exam.  She did a miserable job of explaining just about everything and the TF was, at his best, worthless.  At his worst, he lowered our IQs.",0,0,0,0,0,0,0,0,0,0,0,0,0,0,0,0,0,0,0,0,0,0
173,01/18/2005,Monica,Stoica,Boston University,2.5,2.0,N/A,CS103,N/A,N/A,N/A,N/A,"Stoica is not a great teacher, and I didn't learn much from her class. Lectures are pointless; buying the book is pointless. Her jokes are the only slightly redeeming qualities of her class. But I guess I shouldn't complain because she gave me an A.",0,0,0,0,0,0,0,0,0,0,0,0,0,0,0,0,0,0,0,0,0,0
174,01/15/2005,Monica,Stoica,Boston University,3.5,2.0,N/A,CS103,N/A,N/A,N/A,N/A,"Course was really fun. Very interesting material and cute assignments. The exams had nothing to do with what was covered in class. TA was pretty good, helped a lot and would extend his office hours many times to accomodate every student.",0,0,0,0,0,0,0,0,0,0,0,0,0,0,0,0,0,0,0,0,0,0
175,01/09/2005,Monica,Stoica,Boston University,2.0,3.0,N/A,CS103,N/A,N/A,N/A,N/A,I took this class because my roomate recommend it to me and said it was an essy A class. That's such a trap! stoica was a terrible teacher. She could not explain anything right and put stuff that never discuss in the class on the exam + stingy grader! Workload was kinda heavry too to get good grade,0,0,0,0,0,0,0,0,0,0,0,0,0,0,0,0,0,0,0,0,0,0
176,12/24/2004,Monica,Stoica,Boston University,3.0,3.0,N/A,CS103,N/A,N/A,N/A,N/A,Interesting Class. Boring lectures. Only learned from the TF.,0,0,0,0,0,0,0,0,0,0,0,0,0,0,0,0,0,0,0,0,0,0
177,12/20/2004,Monica,Stoica,Boston University,1.0,2.0,N/A,CS101,N/A,N/A,N/A,N/A,"avoid this professor, she's nice - but not a good teacher!",0,0,0,0,0,0,0,0,0,0,0,0,0,0,0,0,0,0,0,0,0,0
178,12/19/2004,Monica,Stoica,Boston University,3.0,3.0,N/A,CS103,N/A,N/A,N/A,N/A,Fun class get to make websites prof is funny and I didn't mind going to lectures they were amusing and short most of the information you need is on her website and the lectures aren't terribly helpful but she'll answer question when asked really bad TA didn't know what he was doing learned a little,0,0,0,0,0,0,0,0,0,0,0,0,0,0,0,0,0,0,0,0,0,0
179,12/19/2004,Monica,Stoica,Boston University,4.0,1.0,N/A,CS101,N/A,N/A,N/A,N/A,Tests were REALLY easy...if you read the book CAREFULLY you'll get an easy A...most of lecture is not on the test...READ THE BOOK and you'll get and A.... Go to lecture for interesting conversations...VERY nice and helpful,0,0,0,0,0,0,0,0,0,0,0,0,0,0,0,0,0,0,0,0,0,0
180,12/16/2004,Monica,Stoica,Boston University,3.0,1.0,N/A,CS103,N/A,N/A,N/A,N/A,"I took this course last year and it was really pretty easy.  You can skip lectures and lab and the work isn't anything too indepth and kind of fun.  The material covered on exams was just pointless though (i.e. cellphones, the Internet, robots, encryption) with the lack of depth had.",0,0,0,0,0,0,0,0,0,0,0,0,0,0,0,0,0,0,0,0,0,0
181,12/12/2004,Monica,Stoica,Boston University,1.0,1.0,N/A,CS103,N/A,N/A,N/A,Mandatory,"I would have to agree 100% with this: &quot;Stoica Is one of the worst teachers i've had, but you can't help but love her. She is so cute and tells the most random jokes. The class is what you make of it. lectures are useless.&quot; Also, her tests are poorly written and cover off-topic ideas (cell phones).",0,0,0,0,0,0,0,0,0,0,0,0,0,0,0,0,0,0,0,0,0,0
182,12/10/2004,Monica,Stoica,Boston University,2.5,2.0,N/A,CS101,N/A,N/A,N/A,N/A,pretty easy and straightforward class. she's not that great of a teacher since i could have learned everything she taught from my eight year old brother. relatively easy class. definetly take it if you want to raise your GPA.,0,0,0,0,0,0,0,0,0,0,0,0,0,0,0,0,0,0,0,0,0,0
183,11/17/2004,Monica,Stoica,Boston University,2.5,3.0,N/A,CS103,N/A,N/A,N/A,N/A,"Stoica Is one of the worst teachers i've had, but you can't help but love her. She is so cute and tells the most random jokes/stories. The class is what you make of it. lectures are useless, but you can learn from her site.",0,0,0,0,0,0,0,0,0,0,0,0,0,0,0,0,0,0,0,0,0,0
184,11/15/2004,Monica,Stoica,Boston University,1.0,1.0,N/A,CS103,N/A,N/A,N/A,N/A,"She is a very bad teacher, don't go to lectures, it won't help. Look at her website and you will be fine. The site is clearer and helps a lot more than anything else, tests are easy and plenty of time for homework. BAD PROFESSOR THOUGH for EASY A+.",0,0,0,0,0,0,0,0,0,0,0,0,0,0,0,0,0,0,0,0,0,0
185,11/11/2004,Monica,Stoica,Boston University,1.0,3.0,N/A,CS101,N/A,N/A,N/A,N/A,"I wish if she retires. I want all my money back. This class is required for many majors and students deserve better teacher. Afterall we are paying quarter of a tuition to sit and listen to mumbo jumbo that she is. Give my life back, moron.",0,0,0,0,0,0,0,0,0,0,0,0,0,0,0,0,0,0,0,0,0,0
186,11/07/2004,Monica,Stoica,Boston University,1.0,5.0,N/A,CS103,N/A,N/A,N/A,N/A,Should not be &quot;teaching.&quot;  Not at all helpful.  Unclear expectations and poor use of class time.  I regret not dropping this class sooner.  Expensive textbook we never even discussed (but was on the exams anyway).  Find better use for your time.,0,0,0,0,0,0,0,0,0,0,0,0,0,0,0,0,0,0,0,0,0,0
187,11/05/2004,Monica,Stoica,Boston University,4.0,2.0,N/A,CS103,N/A,N/A,N/A,N/A,I &lt;3 Stoica.  Easy class and she's awesome.,0,0,0,0,0,0,0,0,0,0,0,0,0,0,0,0,0,0,0,0,0,0
188,11/03/2004,Monica,Stoica,Boston University,2.0,2.0,N/A,CS101,N/A,N/A,N/A,N/A,"Stupid class, waste of time. I don't know why I even show up to class. She never really teaches anything, all she does is run through powerpoints. I guessed on the test and ended up with a B. the homeowrks are easy 100's though. Pretty easy class, dumbass teacher.",0,0,0,0,0,0,0,0,0,0,0,0,0,0,0,0,0,0,0,0,0,0
189,10/26/2004,Monica,Stoica,Boston University,2.0,1.0,N/A,CS101,N/A,N/A,N/A,N/A,No Comments,0,0,0,0,0,0,0,0,0,0,0,0,0,0,0,0,0,0,0,0,0,0
190,10/26/2004,Monica,Stoica,Boston University,3.5,1.0,N/A,CS101,N/A,N/A,N/A,N/A,"As a CS major I can attest this class blows ass.  She said things like: &quot;unix is free&quot;, &quot;internet packets travel at 300 mph&quot;, &quot;windows started win win95&quot;, etc.  Worst teacher ever.  I'd rather learn Computer Science from a dying giraffe.",0,0,0,0,0,0,0,0,0,0,0,0,0,0,0,0,0,0,0,0,0,0
191,09/24/2004,Monica,Stoica,Boston University,4.0,2.0,N/A,CS103,N/A,N/A,N/A,N/A,"Smonica is awesome.  She's witty, entertaining, and the course material is a breeze for anyone who knows how to turn on a computer.  She is one hell of a character, and I think only idiots who don't know what a monitor is dislike her.",0,0,0,0,0,0,0,0,0,0,0,0,0,0,0,0,0,0,0,0,0,0
192,07/13/2004,Monica,Stoica,Boston University,1.5,1.0,N/A,CS103,N/A,N/A,N/A,N/A,"not helpful at all, rude and insulting if you go to office hours, class is pretty boring and pointless, you can learn almost everything from lab and the slides she puts online",0,0,0,0,0,0,0,0,0,0,0,0,0,0,0,0,0,0,0,0,0,0
193,06/08/2004,Monica,Stoica,Boston University,2.5,4.0,N/A,CS101,N/A,N/A,N/A,N/A,Boring lectures and her jokes are sometimes rude. I don't remember any of the applications I learned in this class. She curves the grade so that majority of the student fall into B category.,0,0,0,0,0,0,0,0,0,0,0,0,0,0,0,0,0,0,0,0,0,0
194,06/01/2004,Monica,Stoica,Boston University,2.0,4.0,N/A,CS101,N/A,N/A,N/A,N/A,the tests in this class were horrible. i dont know anyonw who ever did well on them.  just do the homeworks.  they can make a big difference.,0,0,0,0,0,0,0,0,0,0,0,0,0,0,0,0,0,0,0,0,0,0
195,05/27/2004,Monica,Stoica,Boston University,2.5,1.0,N/A,CS101,N/A,N/A,N/A,N/A,"this class is so easy! Don't know where she gets some of her test questions, but don't worry, because there is a huge curve for this course. Dont go to class after the 2nd test, its pointless",0,0,0,0,0,0,0,0,0,0,0,0,0,0,0,0,0,0,0,0,0,0
196,05/11/2004,Monica,Stoica,Boston University,4.0,1.0,N/A,CS101,N/A,N/A,N/A,N/A,Whoever didn't like this class is stupid and prolly failed. I went class maybe once every two weeks and still got an A in the course. Basic computer stuff and all the info is in the book. Just go to class when she explains homework.,0,0,0,0,0,0,0,0,0,0,0,0,0,0,0,0,0,0,0,0,0,0
197,05/05/2004,Monica,Stoica,Boston University,1.0,1.0,N/A,CS,N/A,N/A,N/A,N/A,She's easy but she's impossible to learn from,0,0,0,0,0,0,0,0,0,0,0,0,0,0,0,0,0,0,0,0,0,0
198,04/19/2004,Monica,Stoica,Boston University,1.5,4.0,N/A,CS101,N/A,N/A,N/A,N/A,"For the love of god (and your own personal sanity) DO NOT TAKE THIS CLASS WITH HER! She gets annoyed when you go to her office hours, insults students in front of the entire class, makes the tests impossible...generally appears to really hate her job.",0,0,0,0,0,0,0,0,0,0,0,0,0,0,0,0,0,0,0,0,0,0
199,04/04/2004,Monica,Stoica,Boston University,4.0,2.0,N/A,CS101,N/A,N/A,N/A,N/A,"Smonica is a character, that's for sure. She has a great accent, I busted up every time she said, &quot;imiges.&quot; Attendance decreases significantly throughout semester, I once didn't go for 3 straight weeks. Just remember kids, &quot;Your login is no",0,0,0,0,0,0,0,0,0,0,0,0,0,0,0,0,0,0,0,0,0,0
200,04/01/2004,Monica,Stoica,Boston University,1.0,4.0,N/A,CS101,N/A,N/A,N/A,N/A,"By far, the worst professor I have had. Her assignments, tests, and lectures barely pertain to the reading, if at all. She is unclear and unwilling to help. Berates students in front of the entire class (so unprofessional!) If you get her class, RUN!",0,0,0,0,0,0,0,0,0,0,0,0,0,0,0,0,0,0,0,0,0,0
201,03/28/2004,Monica,Stoica,Boston University,3.5,1.0,N/A,CS101,N/A,N/A,N/A,N/A,"Stoica is not that bad!  She is a bit irresponsible and scatter brained, but the class is an easy A as long as you go to class and read the book.",0,0,0,0,0,0,0,0,0,0,0,0,0,0,0,0,0,0,0,0,0,0
202,03/27/2004,Monica,Stoica,Boston University,1.0,5.0,N/A,CS101,N/A,N/A,N/A,N/A,"A horrible lecturer, with a thick accent.Class is pointless and confusing, just go to your lab and pray that you have a good TA, can learn everything in lab.Work load is light and easy, very straight foward most of the time.Exams are impossible,but curved",0,0,0,0,0,0,0,0,0,0,0,0,0,0,0,0,0,0,0,0,0,0
203,03/26/2004,Monica,Stoica,Boston University,1.0,4.0,N/A,CS101,N/A,N/A,N/A,N/A,No Comments,0,0,0,0,0,0,0,0,0,0,0,0,0,0,0,0,0,0,0,0,0,0
204,03/24/2004,Monica,Stoica,Boston University,2.0,3.0,N/A,CS103,N/A,N/A,N/A,N/A,"Didn't really learn anything. She's a terrible lecturer. If you don't already know a little about computers and web programming, this class will be extremely tough.",0,0,0,0,0,0,0,0,0,0,0,0,0,0,0,0,0,0,0,0,0,0
205,03/16/2004,Monica,Stoica,Boston University,2.5,4.0,N/A,CS101,N/A,N/A,N/A,Mandatory,"go to class even though it seems pointless & pay attention to in-class hw directions.  exams- study book & unix commands.  pretty easy work load, just difficult exams.",0,0,0,0,0,0,0,0,0,0,0,0,0,0,0,0,0,0,0,0,0,0
206,02/18/2004,Monica,Stoica,Boston University,1.0,4.0,N/A,CS101,N/A,N/A,N/A,N/A,she is the worst professor i ve ever met and will be ...go back to your country or take ESL class..,0,0,0,0,0,0,0,0,0,0,0,0,0,0,0,0,0,0,0,0,0,0
207,02/06/2004,Monica,Stoica,Boston University,1.0,4.0,N/A,CS103,N/A,N/A,N/A,N/A,get out while you can! makes everything more confusing than it is; doesnt help you; doesnt care about her students; unoriginal; unproffesional; attitude issues; prime example of a BAD teacher.,0,0,0,0,0,0,0,0,0,0,0,0,0,0,0,0,0,0,0,0,0,0
208,01/03/2004,Monica,Stoica,Boston University,2.0,3.0,N/A,CS101,N/A,N/A,N/A,N/A,"It's uncanny - the class, if you know anything at all about computers, is insultingly easy, and yet the test questions are difficult and obscure. Monica is nice, but her class is just bad. Avoid.",0,0,0,0,0,0,0,0,0,0,0,0,0,0,0,0,0,0,0,0,0,0
209,01/02/2004,Monica,Stoica,Boston University,1.0,5.0,N/A,CS101,N/A,N/A,N/A,N/A,Very hard subject.  no need to go to lectures except when she explains homework because she will tell you exactly how to do it.  exams are impossible but computer sections of exams are the only way to pass,0,0,0,0,0,0,0,0,0,0,0,0,0,0,0,0,0,0,0,0,0,0
210,12/24/2003,Monica,Stoica,Boston University,1.0,5.0,N/A,CS101,N/A,N/A,N/A,N/A,Worst class and professor in history!  I can't describe how much I despise her and her stupid class that nobody cares about.  Never ever take her class or you will regret it the entire semester.  Her exams make no sense and she can't teach at all.,0,0,0,0,0,0,0,0,0,0,0,0,0,0,0,0,0,0,0,0,0,0
211,12/23/2003,Monica,Stoica,Boston University,2.5,4.0,N/A,CS103,N/A,N/A,N/A,N/A,"oh come on.. she is not that bad. i found the assignments hard and the exams ridiculously annal.  but hey, shes not so bad.  she only will run over you and then back up over you and then run over you again like that final scene in texas chainsaw massacre.",0,0,0,0,0,0,0,0,0,0,0,0,0,0,0,0,0,0,0,0,0,0
212,12/19/2003,Monica,Stoica,Boston University,1.0,4.0,N/A,CS101,N/A,N/A,N/A,N/A,final was impossible,0,0,0,0,0,0,0,0,0,0,0,0,0,0,0,0,0,0,0,0,0,0
213,12/19/2003,Monica,Stoica,Boston University,2.0,5.0,N/A,CS101,N/A,N/A,N/A,N/A,ugh,0,0,0,0,0,0,0,0,0,0,0,0,0,0,0,0,0,0,0,0,0,0
214,12/12/2003,Monica,Stoica,Boston University,1.0,5.0,N/A,CS101,N/A,N/A,N/A,N/A,"better than thou attitude, thinks she knows everything about computers yet she can not convey that in lectures, horrible speaking skills.. not understanding what so ever and grading structure does not reflect the workload of each component..",0,0,0,0,0,0,0,0,0,0,0,0,0,0,0,0,0,0,0,0,0,0
215,12/09/2003,Monica,Stoica,Boston University,4.0,1.0,N/A,CS101,N/A,N/A,N/A,N/A,"I never go to lecture because I don't learn anything there that I can't find out from the website or book.  As a lecturer, she is okay, but she sometimes goes off topic with stories that have nothing to do with anything.  And sometimes she acts homophobic",0,0,0,0,0,0,0,0,0,0,0,0,0,0,0,0,0,0,0,0,0,0
216,12/08/2003,Monica,Stoica,Boston University,2.0,3.0,N/A,CS101,N/A,N/A,N/A,N/A,Shes not a very good teacher... if you dont understand a concept she gets mad (like there is a problem with you). No one taking this class is a CS major.. why would we ever need to know binary code&#63; The exams arent bad if you study...,0,0,0,0,0,0,0,0,0,0,0,0,0,0,0,0,0,0,0,0,0,0
217,12/07/2003,Monica,Stoica,Boston University,1.0,2.0,N/A,CS103,N/A,N/A,N/A,N/A,"Due to the fact that I already knew much of the material in this class, I did well, but SMonica makes everything difficult and confusing, and obviously doesn't know anything beyond the course material, and never knows how to answer students' questions.",0,0,0,0,0,0,0,0,0,0,0,0,0,0,0,0,0,0,0,0,0,0
218,11/19/2003,Monica,Stoica,Boston University,1.0,5.0,N/A,CS101,N/A,N/A,N/A,N/A,No Comments,0,0,0,0,0,0,0,0,0,0,0,0,0,0,0,0,0,0,0,0,0,0
219,11/13/2003,Monica,Stoica,Boston University,2.5,4.0,N/A,CS103,N/A,N/A,N/A,N/A,"Started out pretty easy, the lectures are kind of boring. Got really confusing, and she speeds through material. Gets upset if you ask questions because you don't understand ^_^;;",0,0,0,0,0,0,0,0,0,0,0,0,0,0,0,0,0,0,0,0,0,0
220,11/13/2003,Monica,Stoica,Boston University,3.0,2.0,N/A,CS103,N/A,N/A,N/A,N/A,"Lectures are hilarious, but you can learn everything you need from the website / flash help menu. She's very nice and does her best to compromise with the students about HW due dates and such. Has a medium european accent, but oh well...",0,0,0,0,0,0,0,0,0,0,0,0,0,0,0,0,0,0,0,0,0,0
221,11/12/2003,Monica,Stoica,Boston University,1.0,3.0,N/A,CS101,N/A,N/A,N/A,N/A,"Don't take this class! S.Monica is the worst teacher i have ever seen in my life. makes everything complicating. Probably she is writing all those good things about herself, i haven't met with someone who is happy about her!!!",0,0,0,0,0,0,0,0,0,0,0,0,0,0,0,0,0,0,0,0,0,0
222,11/10/2003,Monica,Stoica,Boston University,1.5,2.0,N/A,CS103,N/A,N/A,N/A,N/A,"Smonica makes everything much more complicated than it is. If you already know computers, take this class. If not, run like hell. You'll get an A if you already know most of this stuff. She's almost too easy.",0,0,0,0,0,0,0,0,0,0,0,0,0,0,0,0,0,0,0,0,0,0
223,11/04/2003,Monica,Stoica,Boston University,4.0,2.0,N/A,CS103,N/A,N/A,N/A,N/A,"Good class.  Interesting material.  I only go to her lectures for entertainmental value.  She is really funny.  Most of the learning is done via her website, which is very good.  Do the work and you'll do fine.",0,0,0,0,0,0,0,0,0,0,0,0,0,0,0,0,0,0,0,0,0,0
224,10/31/2003,Monica,Stoica,Boston University,4.5,1.0,N/A,CS101,N/A,N/A,N/A,N/A,"CS101 is one of the easiest classes i've ever taken in my life. people complain about her, but i don't understand why. she's a nice woman and is very helpful to the students.",0,0,0,0,0,0,0,0,0,0,0,0,0,0,0,0,0,0,0,0,0,0
225,10/16/2003,Monica,Stoica,Boston University,1.0,5.0,N/A,CS101,N/A,N/A,N/A,N/A,"DO NOT take this class - worst class ever in the history of classes.  I wish someone had warned me.  The tests are impossible, even when you study.  Concepts seem easy, but she complicates everything.  This class is terrible times 5 million.",0,0,0,0,0,0,0,0,0,0,0,0,0,0,0,0,0,0,0,0,0,0
226,10/15/2003,Monica,Stoica,Boston University,3.0,3.0,N/A,CS101,N/A,N/A,N/A,N/A,shes hot,0,0,0,0,0,0,0,0,0,0,0,0,0,0,0,0,0,0,0,0,0,0
227,09/27/2003,Monica,Stoica,Boston University,1.0,5.0,N/A,101,N/A,N/A,N/A,N/A,"she is not professional, is clearly teaching only to  make a living, not out of any aptitude for it/love of the subject matter. tests are sloppy, auto. corrected, impossible to study for.",0,0,0,0,0,0,0,0,0,0,0,0,0,0,0,0,0,0,0,0,0,0
228,07/09/2003,Monica,Stoica,Boston University,3.0,3.0,N/A,CS101,N/A,N/A,N/A,N/A,THE WORST TEST EVER WRITTEN. I mean they were awful...BUT somehow I managed an A. You gotta do the homework and it won't be so bad.,0,0,0,0,0,0,0,0,0,0,0,0,0,0,0,0,0,0,0,0,0,0
229,07/04/2003,Monica,Stoica,Boston University,3.5,2.0,N/A,CS103,N/A,N/A,N/A,N/A,"I liked the class and did well in it and I've never taken a CS class before. she was funny, and changed things up when people fell asleep. tests were hard, but the curve was amazing, so no stress. when you need help, she's not good, go to the TA",0,0,0,0,0,0,0,0,0,0,0,0,0,0,0,0,0,0,0,0,0,0
230,05/11/2003,Monica,Stoica,Boston University,3.0,3.0,N/A,CS101,N/A,N/A,N/A,N/A,"The concept of this class is easy, but the way stoica explains the material makes it complicated. She likes to make dirty jokes and she's pretty fast at replying student's mail.",0,0,0,0,0,0,0,0,0,0,0,0,0,0,0,0,0,0,0,0,0,0
231,05/10/2003,Monica,Stoica,Boston University,5.0,2.0,N/A,CS101,N/A,N/A,N/A,N/A,"not a hard class at all, if you do your work. she's really chill and funny at times. she's not as bad as people make her out to be. but, you do need to do your work!",0,0,0,0,0,0,0,0,0,0,0,0,0,0,0,0,0,0,0,0,0,0
232,05/09/2003,Monica,Stoica,Boston University,5.0,1.0,N/A,CS101,N/A,N/A,N/A,N/A,"A lot of people didn't enjoy her teaching style, but personally, I thought she was amazing.  THe kids who didn't like her were the ones who didn't understand what was going on - which was usually due to them not doing their homeworks.  I liked her a lot.",0,0,0,0,0,0,0,0,0,0,0,0,0,0,0,0,0,0,0,0,0,0
233,04/30/2003,Monica,Stoica,Boston University,4.0,2.0,N/A,CS101,N/A,N/A,N/A,N/A,She is a lot nicer than people think. I took so much information from this class. AND she got rid of the pop quizes just because the classes didnt want them anymore. This is a good class to take for people who need a cs/mcs class and hate math!,0,0,0,0,0,0,0,0,0,0,0,0,0,0,0,0,0,0,0,0,0,0
234,04/29/2003,Monica,Stoica,Boston University,1.0,5.0,N/A,CS103,N/A,N/A,N/A,N/A,Good lord this was the worse class I have ever taken. Stoica sucks. Expect impossible tests and random pop quizzes that you'll never know the material for unless you're a CS major. Don't write her e-mails you don't want publicized; she'll humiliate you.,0,0,0,0,0,0,0,0,0,0,0,0,0,0,0,0,0,0,0,0,0,0
235,04/25/2003,Monica,Stoica,Boston University,1.5,4.0,N/A,CS103,N/A,N/A,N/A,N/A,"Not a fun time. She wasnt as bad as people said she would be, but she wasn't as good as I'd hoped. I took very little out of that class.",0,0,0,0,0,0,0,0,0,0,0,0,0,0,0,0,0,0,0,0,0,0
236,04/17/2003,Monica,Stoica,Boston University,4.0,1.0,N/A,CS101,N/A,N/A,N/A,N/A,Monica has gotten better I guess...Cause her class is real easy and sorta fun. She  makes dumb test that have nothing to do with anything. But she is very kind in class.,0,0,0,0,0,0,0,0,0,0,0,0,0,0,0,0,0,0,0,0,0,0
237,04/15/2003,Monica,Stoica,Boston University,1.0,3.0,N/A,CS101,N/A,N/A,N/A,N/A,hey  pop  quizes made me want to pop her teeth out,0,0,0,0,0,0,0,0,0,0,0,0,0,0,0,0,0,0,0,0,0,0
238,04/12/2003,Monica,Stoica,Boston University,1.0,5.0,N/A,CS101,N/A,N/A,N/A,N/A,No Comments,0,0,0,0,0,0,0,0,0,0,0,0,0,0,0,0,0,0,0,0,0,0
239,04/10/2003,Monica,Stoica,Boston University,1.0,4.0,N/A,CS101,N/A,N/A,N/A,N/A,No Comments,0,0,0,0,0,0,0,0,0,0,0,0,0,0,0,0,0,0,0,0,0,0
240,04/06/2003,Monica,Stoica,Boston University,1.5,3.0,N/A,CS103,N/A,N/A,N/A,N/A,"TERRIBLE put stuff on the final she said wouldn't be there, she's mean too",0,0,0,0,0,0,0,0,0,0,0,0,0,0,0,0,0,0,0,0,0,0
241,04/01/2003,Monica,Stoica,Boston University,1.0,4.0,N/A,CS103,N/A,N/A,N/A,N/A,whatever u do is not enoguh... bring a pillow to the class... try not to look into her eyes!!!,0,0,0,0,0,0,0,0,0,0,0,0,0,0,0,0,0,0,0,0,0,0
242,03/31/2003,Monica,Stoica,Boston University,1.0,5.0,N/A,101,N/A,N/A,N/A,N/A,No Comments,0,0,0,0,0,0,0,0,0,0,0,0,0,0,0,0,0,0,0,0,0,0
243,03/31/2003,Monica,Stoica,Boston University,3.0,3.0,N/A,CS101,N/A,N/A,N/A,N/A,"stoica's exams come straight out of the textbook and lecture outlines. the labs, the tas help out a lot. basicailly, if you plan ahead, go to the ta before hw is due, and get the hlep ull get 100s on the labs. if you study the book and the outlines well,",0,0,0,0,0,0,0,0,0,0,0,0,0,0,0,0,0,0,0,0,0,0
244,03/30/2003,Monica,Stoica,Boston University,1.0,4.0,N/A,CS101,N/A,N/A,N/A,N/A,"Stoica is BY FAR the worst experience I have ever had at BU.  She is incredibly mean-spirited and loves to try to humiliate students who ask questions in class.  She is a terrifically miserable human being, and I don't know how she still has a job.",0,0,0,0,0,0,0,0,0,0,0,0,0,0,0,0,0,0,0,0,0,0
245,03/26/2003,Monica,Stoica,Boston University,1.0,5.0,N/A,CS10103,N/A,N/A,N/A,N/A,"Doesn't know her computer from her left foot.  Gives CONSTANT wrong information.  Talks down to her students, even if they are more knowledgeable than her (9 times out of 10).  The only time she's so hard is because no one can understand what she's saying",0,0,0,0,0,0,0,0,0,0,0,0,0,0,0,0,0,0,0,0,0,0
246,03/05/2003,Monica,Stoica,Boston University,2.0,2.0,N/A,CS101,N/A,N/A,N/A,N/A,"condescending, treats us like we're children... but if you have any knowledge about computers, should be a breeze",0,0,0,0,0,0,0,0,0,0,0,0,0,0,0,0,0,0,0,0,0,0
247,01/20/2003,Monica,Stoica,Boston University,2.0,4.0,N/A,CS101,N/A,N/A,N/A,N/A,don't take this unless you're a computer nerd cuz it's way harsh,0,0,0,0,0,0,0,0,0,0,0,0,0,0,0,0,0,0,0,0,0,0
248,01/14/2003,Monica,Stoica,Boston University,2.0,3.0,N/A,CS101,N/A,N/A,N/A,N/A,"condescending and lectures are boring, bring crossword",0,0,0,0,0,0,0,0,0,0,0,0,0,0,0,0,0,0,0,0,0,0
249,11/23/2002,Monica,Stoica,Boston University,2.0,3.0,N/A,CS101,N/A,N/A,N/A,N/A,"she sucks, dont do it",0,0,0,0,0,0,0,0,0,0,0,0,0,0,0,0,0,0,0,0,0,0
250,11/22/2002,Monica,Stoica,Boston University,3.5,1.0,N/A,CS101,N/A,N/A,N/A,N/A,easy class if you do the work; tests from book; lectures are boring but simple,0,0,0,0,0,0,0,0,0,0,0,0,0,0,0,0,0,0,0,0,0,0
251,11/11/2002,Monica,Stoica,Boston University,4.0,1.0,N/A,CS101,N/A,N/A,N/A,N/A,"very easy;doesnt have a high opinion of students, so she can be mean",0,0,0,0,0,0,0,0,0,0,0,0,0,0,0,0,0,0,0,0,0,0
252,11/10/2002,Monica,Stoica,Boston University,1.0,5.0,N/A,CS101,N/A,N/A,N/A,N/A,She can't teach and the class is difficult for non techies.,0,0,0,0,0,0,0,0,0,0,0,0,0,0,0,0,0,0,0,0,0,0
253,11/10/2002,Monica,Stoica,Boston University,4.0,1.0,N/A,CS101,N/A,N/A,N/A,N/A,"She's mean, but funny. Knows her stuff.",0,0,0,0,0,0,0,0,0,0,0,0,0,0,0,0,0,0,0,0,0,0
254,11/08/2002,Monica,Stoica,Boston University,1.0,5.0,N/A,CS103,N/A,N/A,N/A,N/A,"She is a funny person, I like her. But when it comes to the class ugh!!!!!!!!!!!",0,0,0,0,0,0,0,0,0,0,0,0,0,0,0,0,0,0,0,0,0,0
255,11/07/2002,Monica,Stoica,Boston University,4.0,1.0,N/A,CS101,N/A,N/A,N/A,N/A,SUCH an easy class! She explains every detail of HWs & what will be on tests,0,0,0,0,0,0,0,0,0,0,0,0,0,0,0,0,0,0,0,0,0,0
256,11/06/2002,Monica,Stoica,Boston University,1.0,3.0,N/A,CS101,N/A,N/A,A,Mandatory,i can't stand this woman.,0,0,0,0,0,0,0,0,0,0,0,0,0,0,0,0,0,0,0,0,0,0
257,11/04/2002,Monica,Stoica,Boston University,2.5,3.0,N/A,CS101,N/A,N/A,N/A,N/A,"Funny in a sadistic way!  Lectures are intolerable, labs are boring &class sucks",0,0,0,0,0,0,0,0,0,0,0,0,0,0,0,0,0,0,0,0,0,0
258,11/01/2002,Monica,Stoica,Boston University,1.5,4.0,N/A,CS101,N/A,N/A,N/A,N/A,"awful professor, but can be a nice person outside of the classroom",0,0,0,0,0,0,0,0,0,0,0,0,0,0,0,0,0,0,0,0,0,0
259,10/31/2002,Monica,Stoica,Boston University,2.0,2.0,N/A,CS101,N/A,N/A,N/A,N/A,"easy class, she enjoys making fun of the students",0,0,0,0,0,0,0,0,0,0,0,0,0,0,0,0,0,0,0,0,0,0
260,10/29/2002,Monica,Stoica,Boston University,3.0,2.0,N/A,CS101,N/A,N/A,N/A,N/A,"tests are right from the book, lectures are pointless. she isn't bad",0,0,0,0,0,0,0,0,0,0,0,0,0,0,0,0,0,0,0,0,0,0
261,10/29/2002,Monica,Stoica,Boston University,1.0,3.0,N/A,CS101,N/A,N/A,N/A,N/A,Worst teacher I've ever had in my life...she's the definition of evil...,0,0,0,0,0,0,0,0,0,0,0,0,0,0,0,0,0,0,0,0,0,0
262,10/23/2002,Monica,Stoica,Boston University,2.5,3.0,N/A,CS103,N/A,N/A,N/A,N/A,"Cute sense of humor, HW's are easy, paper tests suck major, cannot answer Q's!",0,0,0,0,0,0,0,0,0,0,0,0,0,0,0,0,0,0,0,0,0,0
263,10/22/2002,Monica,Stoica,Boston University,1.0,5.0,N/A,CS101,N/A,N/A,N/A,N/A,Stoica is one of the most cold-hearted human beings I have ever met.,0,0,0,0,0,0,0,0,0,0,0,0,0,0,0,0,0,0,0,0,0,0
264,10/16/2002,Monica,Stoica,Boston University,1.0,4.0,N/A,CS101,N/A,N/A,N/A,N/A,cruella devil in real life,0,0,0,0,0,0,0,0,0,0,0,0,0,0,0,0,0,0,0,0,0,0
265,10/16/2002,Monica,Stoica,Boston University,3.0,2.0,N/A,CS101,N/A,N/A,N/A,N/A,"Not a bad professor, a little mean, but I learned a lot in that class.",0,0,0,0,0,0,0,0,0,0,0,0,0,0,0,0,0,0,0,0,0,0
266,10/10/2002,Monica,Stoica,Boston University,1.0,5.0,N/A,CS101,N/A,N/A,N/A,N/A,Worst human on earth!,0,0,0,0,0,0,0,0,0,0,0,0,0,0,0,0,0,0,0,0,0,0
267,10/09/2002,Monica,Stoica,Boston University,1.0,2.0,N/A,CS101,N/A,N/A,N/A,N/A,"doesn't know what she's talking about, TF's more helpful, disorganized, but easy",0,0,0,0,0,0,0,0,0,0,0,0,0,0,0,0,0,0,0,0,0,0
268,10/08/2002,Monica,Stoica,Boston University,1.0,2.0,N/A,CS101,N/A,N/A,N/A,N/A,"wow, the worst taught class at BU",0,0,0,0,0,0,0,0,0,0,0,0,0,0,0,0,0,0,0,0,0,0
269,10/08/2002,Monica,Stoica,Boston University,1.0,3.0,N/A,CS101,N/A,N/A,N/A,N/A,boo!,0,0,0,0,0,0,0,0,0,0,0,0,0,0,0,0,0,0,0,0,0,0
270,10/08/2002,Monica,Stoica,Boston University,1.5,2.0,N/A,CS101,N/A,N/A,N/A,N/A,very disorganized but the class isn't too tough,0,0,0,0,0,0,0,0,0,0,0,0,0,0,0,0,0,0,0,0,0,0
271,10/08/2002,Monica,Stoica,Boston University,1.0,2.0,N/A,CS101,N/A,N/A,N/A,N/A,"HORRIBLE teacher.  lectures are absolute crap, the TA's know more than she does",0,0,0,0,0,0,0,0,0,0,0,0,0,0,0,0,0,0,0,0,0,0
272,09/21/2002,Monica,Stoica,Boston University,1.5,4.0,N/A,CS101,N/A,N/A,N/A,N/A,She's evil.,0,0,0,0,0,0,0,0,0,0,0,0,0,0,0,0,0,0,0,0,0,0
